time,h_plus,h_cross
0.0,8.201418145119371e-32,0.0
0.001,8.027823540227417e-32,1.6104257830387975e-32
0.002,7.541681023441231e-32,3.1526776911287114e-32
0.003,7.390156186228304e-32,-3.461151617415876e-32
0.004,5.723104858776804e-32,5.798141027685855e-32
0.005,-3.545278595136723e-32,7.320006515140457e-32
0.006,5.198471433075237e-32,-6.237567841152367e-32
0.007,-1.853804862685069e-32,-7.891473882015166e-32
0.008,-1.0540983730890192e-33,8.092105170169705e-32
0.009000000000000001,2.051882674454393e-32,-7.81441663416817e-32
0.01,-5.000780881897976e-32,-6.32853049440783e-32
0.011,-8.050214348468657e-32,1.8883131351372627e-33
0.012,-1.448913727140042e-32,-7.907368618534789e-32
0.013000000000000001,-5.015073073130805e-33,8.009947508009118e-32
0.014,-7.17421871687245e-32,3.5674934254968433e-32
0.015,7.810118291311668e-32,-1.727670103519967e-32
0.016,-7.982894383972768e-32,-2.0800975499139062e-33
0.017,7.683889726537528e-32,2.124969910841196e-32
0.018000000000000002,-6.932323631916291e-32,-3.91012037647655e-32
0.019,-8.284799672174281e-34,-7.945343680230735e-32
0.02,-1.8341326492230165e-32,7.717590725642094e-32
0.021,3.636470768928399e-32,-7.035049956908206e-32
0.022,7.897450495177089e-32,-3.706999259373228e-33
0.023,-7.7405474542072e-32,-1.54371551844201e-32
0.024,-7.367887652046354e-32,2.793930204319485e-32
0.025,-6.095324282508987e-32,-4.973148719634666e-32
0.026000000000000002,-7.792280355782652e-32,-9.795981951856217e-33
0.027,-3.045511339705019e-32,-7.224877247609286e-32
0.028,4.7238665522273385e-32,-6.241354276211298e-32
0.029,6.912983810098432e-33,-7.783805853561062e-32
0.03,7.073545417533399e-32,-3.290481630883173e-32
0.031,6.377513350414345e-32,4.470693567054686e-32
0.032,7.764917427773155e-32,4.0493482360010924e-33
0.033,3.5285764582670653e-32,6.91417906704595e-32
0.034,6.648443384155107e-32,3.981758807610798e-32
0.035,-1.2087448377250923e-33,7.735744174061212e-32
0.036000000000000004,3.995415061063324e-32,6.610129957979671e-32
0.037,-6.619891321002988e-32,-3.954196799832595e-32
0.038,-7.696427774992194e-32,1.6052243539481065e-33
0.039,-3.983140996416846e-32,-6.572529856792286e-32
0.04,-6.852127649047344e-32,-3.45186280537703e-32
0.041,-4.389029071374429e-33,-7.647122183724327e-32
0.042,-4.4221630456077157e-32,-6.238617047338788e-32
0.043000000000000003,-7.046757677756906e-32,-2.9367464717466864e-32
0.044,7.587993294271564e-32,-7.139214857367109e-33
0.045,4.4073299930570656e-32,6.202375865964821e-32
0.046,7.015008413294048e-32,2.913935862033169e-32
0.047,7.479745128992083e-32,-1.2501041456809344e-32
0.048,5.667278712551475e-32,-5.019952278700761e-32
0.049,-2.6429136883149375e-32,7.081118153628202e-32
0.05,1.5144661205612755e-32,7.392125023976925e-32
0.051000000000000004,5.197246062126682e-32,5.45309810440848e-32
0.052000000000000005,7.286547211919466e-32,1.861459478796995e-32
0.053,-7.295406778674739e-32,1.774155045156015e-32
0.054,-5.23369387625897e-32,5.365766065388341e-32
0.055,2.0986411046832076e-32,-7.182738871557042e-32
0.056,-2.028867167055859e-32,-7.189811367815948e-32
0.057,-5.525372301207183e-32,-5.009413920880415e-32
0.058,-7.329188568456991e-32,-1.312195595797996e-32
0.059000000000000004,7.0755695402881e-32,-2.278308468597621e-32
0.06,4.7806092454950046e-32,-5.675938197459805e-32
0.061,-1.5538839915427106e-32,7.243802937496572e-32
0.062,2.522194966552089e-32,6.952921410663621e-32
0.063,5.817350634406465e-32,4.547633467366732e-32
0.064,7.331655255811375e-32,7.667662868173322e-33
0.065,-6.822116042160158e-32,2.760252995296217e-32
0.066,-4.310842310897106e-32,5.949509963405525e-32
0.067,-4.9638398093138995e-33,7.318059804317514e-32
0.068,3.4564017745149433e-32,6.455590370676323e-32
0.069,6.344449089194387e-32,3.6319258959467746e-32
0.07,-7.29472954885218e-32,-2.2802253636885747e-33
0.07100000000000001,-6.29369422846814e-32,3.6711349430652405e-32
0.07200000000000001,-3.381180676382288e-32,6.440401482373985e-32
0.073,-4.745765680756251e-33,7.246368346465249e-32
0.074,3.436879850694906e-32,6.383372390865601e-32
0.075,6.289674763313249e-32,3.581154927285198e-32
0.076,7.219389622103511e-32,-3.0127700073851776e-33
0.077,-6.22259265031708e-32,3.649102667252109e-32
0.078,-3.332684181863723e-32,6.38409422847006e-32
0.079,5.6155156586562684e-33,7.167671342913063e-32
0.08,4.2719802687470153e-32,5.767930411770956e-32
0.081,6.670343377512718e-32,2.6179977693209544e-32
0.082,-7.1068004215345e-32,8.1847897480247e-33
0.083,-5.580323523578384e-32,4.457152121485308e-32
0.084,-2.3611546587136957e-32,6.727661307906247e-32
0.085,1.5656651769693677e-32,6.943774026750085e-32
0.08600000000000001,5.003075468616051e-32,5.046576185052021e-32
0.08700000000000001,-6.775335122083171e-32,-2.1036826215141883e-32
0.088,6.958303714836757e-32,-1.3210474946044117e-32
0.089,5.188447848871189e-32,-4.8037728757405394e-32
0.09,-2.3221482404644866e-32,6.666144000607391e-32
0.091,1.566086655813066e-32,6.871055079452768e-32
0.092,4.964912178605987e-32,4.984817070966306e-32
0.093,6.841889697325501e-32,1.5882626931470553e-32
0.094,6.631027202532737e-32,-2.2802057470888003e-32
0.095,4.403425913799387e-32,-5.442065192619807e-32
0.096,8.435281560937223e-33,-6.937694965360411e-32
0.097,-2.0422346797311337e-32,-6.671573220842435e-32
0.098,-5.26216817361557e-32,-4.5637922041412943e-32
0.099,-6.87041106119249e-32,-1.0745257364407198e-32
0.1,-6.383030814119766e-32,2.7300456359314947e-32
0.101,-3.955283013315442e-32,5.691360222940607e-32
0.10200000000000001,-3.322489181500446e-33,6.911266356146735e-32
0.10300000000000001,3.379812754076332e-32,6.024411737181077e-32
0.10400000000000001,6.051238700694956e-32,3.307626104492905e-32
0.105,6.861499268742568e-32,5.651952711644335e-33
0.106,6.105692095687185e-32,-3.1563279700727404e-32
0.107,3.494788869335881e-32,-5.905177575954345e-32
0.108,-1.7068924584896372e-33,-6.848273432948447e-32
0.109,-2.931326139495002e-32,-6.178927471964911e-32
0.11,-5.753571196560881e-32,-3.675947445510008e-32
0.111,-6.815943369106964e-32,-6.291724141467993e-34
0.112,-5.801080335299218e-32,3.557231679540085e-32
0.113,-3.0246591830614776e-32,6.083072357747156e-32
0.114,6.627526044958113e-33,6.749778253944018e-32
0.115,4.1362559525337285e-32,5.360695877765715e-32
0.116,6.339775252321584e-32,2.345284386219355e-32
0.117,6.607132447665191e-32,-1.373627724790852e-32
0.11800000000000001,5.471370200539382e-32,-3.9311079421997014e-32
0.11900000000000001,2.54760758800826e-32,-6.224801253665212e-32
0.12,-1.1415159546330728e-32,-6.617012361400493e-32
0.121,-3.7233421922117606e-32,-5.574458839928747e-32
0.122,-6.10359387271342e-32,-2.744898314729727e-32
0.123,-6.618951742282216e-32,9.103608548001504e-33
0.124,-5.11882798202979e-32,4.276485621024946e-32
0.125,-2.06633112889397e-32,6.330319842467056e-32
0.126,1.604673486614893e-32,6.451366816890638e-32
0.127,4.775251869016216e-32,4.6092308048062707e-32
0.128,6.482444537120122e-32,1.3709009776726708e-32
0.129,6.211720704283304e-32,-2.2737387705538322e-32
0.13,4.7457976176741715e-32,-4.592075640195728e-32
0.131,1.583496117081603e-32,-6.399778896345978e-32
0.132,-2.0500487937255627e-32,-6.254381577804344e-32
0.133,-5.047790018579939e-32,-4.206619229490755e-32
0.134,-6.499802997456669e-32,-8.858389108041862e-33
0.135,-5.969467476359855e-32,2.6934004406709056e-32
0.136,-3.624730903982718e-32,5.44128189001695e-32
0.137,-1.849998041589544e-33,6.524549609868453e-32
0.138,3.2995694223729675e-32,5.619166962307257e-32
0.139,5.287843809730111e-32,3.7894060951586025e-32
0.14,6.481938120109261e-32,4.056280766135515e-33
0.14100000000000001,5.699977483618064e-32,-3.0902987724115776e-32
0.14200000000000002,3.1864434673179537e-32,-5.634391612345021e-32
0.14300000000000002,-2.8817767599907017e-33,-6.455796696578279e-32
0.14400000000000002,-3.663560125355213e-32,-5.310340396021794e-32
0.145,-4.966981643688554e-32,-4.100240758600261e-32
0.146,-6.375072014198109e-32,-8.386248719494515e-33
0.147,-5.838908519717081e-32,2.667282415260353e-32
0.148,-3.5280849555965945e-32,5.350022047761067e-32
0.149,-1.5155781680620487e-33,6.396129854039737e-32
0.15,3.2598433029476263e-32,5.492781704604274e-32
0.151,5.66810903989896e-32,2.921301894981862e-32
0.152,6.343880748907312e-32,-5.304048675543953e-33
0.153,5.087325300704784e-32,-3.809253376419354e-32
0.154,3.097599532923695e-32,-5.537305630736115e-32
0.155,-3.119313191863188e-33,-6.326579579780966e-32
0.156,-3.6152132152394365e-32,-5.188412412165818e-32
0.157,-5.807600884374789e-32,-2.475497095191419e-32
0.158,-6.22577356932797e-32,9.815417272970726e-33
0.159,-4.748409558203138e-32,4.1284495321667513e-32
0.16,-1.8312937534353508e-32,6.008835173281542e-32
0.161,1.6332719666120415e-32,6.054820076187036e-32
0.162,4.589397563658845e-32,4.2585181669648727e-32
0.163,6.139395883190594e-32,1.1725716172678854e-32
0.164,6.076595963953728e-32,-1.4184782729569402e-32
0.165,4.390723608229059e-32,-4.419170856936255e-32
0.166,1.374616608281372e-32,-6.065378058182094e-32
0.167,-2.0496702751762392e-32,-5.860761066062973e-32
0.168,-4.8389649996263877e-32,-3.873732215169113e-32
0.169,-6.146758595304397e-32,-7.147616736956164e-33
0.17,-5.580094744398438e-32,2.651157396942779e-32
0.171,-3.317614480492005e-32,5.199280579795981e-32
0.17200000000000001,-5.330383588924153e-34,6.157081876616902e-32
0.17300000000000001,2.4468242861359203e-32,5.639094328268054e-32
0.17400000000000002,5.057623536626694e-32,3.475778090827638e-32
0.17500000000000002,6.120990426011447e-32,2.621813791260801e-33
0.176,5.690823620874058e-32,-2.2416244426342134e-32
0.177,3.6282485897392814e-32,-4.9113819055921464e-32
0.178,4.686698288933041e-33,-6.078003731204464e-32
0.179,-2.0358096854573493e-32,-5.735293655274599e-32
0.18,-4.760774624005381e-32,-3.7749019225181906e-32
0.181,-6.028241347183332e-32,-6.725482349767422e-33
0.182,-5.457442810423425e-32,2.6240992669520675e-32
0.183,-3.228157554820288e-32,5.111413635860525e-32
0.184,-2.4148054180715387e-34,6.035341338739512e-32
0.185,3.1765460602024544e-32,5.119986885916404e-32
0.186,5.400148543125097e-32,2.649960766445259e-32
0.187,5.973396497244622e-32,-6.18076410209597e-33
0.188,4.727375537454448e-32,-3.68719313386435e-32
0.189,2.04723236803741e-32,-5.624295529084043e-32
0.19,-1.2468470210227594e-32,-5.84380175958433e-32
0.191,-4.1506205322181635e-32,-4.284644483184625e-32
0.192,-5.781935616888869e-32,-1.4271046636376546e-32
0.193,-5.941933628060116e-32,2.0689149399824258e-33
0.194,-4.918559941730449e-32,3.322576159119039e-32
0.195,-2.4021566967204825e-32,5.417023518973413e-32
0.196,8.367107350715259e-33,5.856412065008211e-32
0.197,3.810236924127873e-32,4.5125687920655236e-32
0.198,5.61463173523052e-32,1.8002821888971926e-32
0.199,5.70481214088201e-32,-1.4507009199961973e-32
0.2,4.0590459614041934e-32,-4.249500539970407e-32
0.201,1.183822119736895e-32,-5.746107560032878e-32
0.202,-2.04200263607034e-32,-5.489523888219829e-32
0.203,-4.6358284938801297e-32,-3.5636474300768036e-32
0.20400000000000001,-5.810606465706582e-32,-5.599667592227446e-33
0.20500000000000002,-5.213641412893027e-32,2.604084015380208e-32
0.20600000000000002,-3.0324514719772396e-32,4.965332401018652e-32
0.20700000000000002,6.408065082845159e-34,5.808057765592524e-32
0.20800000000000002,3.1308121243575154e-32,4.8809205278351383e-32
0.209,4.338213029094191e-32,3.833194425753226e-32
0.21,5.70154157403074e-32,9.457113077692184e-33
0.211,5.32568181743626e-32,-2.219888492056928e-32
0.212,3.330773925839854e-32,-4.699569366485218e-32
0.213,3.2914156754402485e-33,-5.741189520368255e-32
0.214,-2.762640870323567e-32,-5.032629357199226e-32
0.215,-5.003621673793106e-32,-2.795287236297756e-32
0.216,-5.7148304554708e-32,2.8505475686130877e-33
0.217,-5.410389595523395e-32,1.8328323216580512e-32
0.218,-3.607482418796412e-32,4.4169072450947166e-32
0.219,-7.130253462465623e-33,5.648571886355776e-32
0.22,2.3887322344858097e-32,5.157602006951469e-32
0.221,4.7534138954037815e-32,3.099104081104042e-32
0.222,5.664035732558036e-32,1.0457712235489198e-33
0.223,4.848386650429749e-32,-2.9118015060392844e-32
0.224,2.5603664467672465e-32,-5.032248418296697e-32
0.225,-4.990120878677717e-33,-5.614614946310261e-32
0.226,-3.3963889711544495e-32,-4.486838822877642e-32
0.227,-5.250798033557537e-32,-1.997728495374573e-32
0.228,-5.501519940121632e-32,1.0908925842862213e-32
0.229,-4.077611147804802e-32,3.8373394794882494e-32
0.23,-1.4178580805496016e-32,5.407164917527499e-32
0.231,1.6644166340756793e-32,5.326676776011374e-32
0.232,4.2300478751165983e-32,3.6258548578596514e-32
0.233,5.500180778222246e-32,8.275536488405453e-33
0.234,5.09269803290443e-32,-2.2132124349443355e-32
0.23500000000000001,4.286905715307585e-32,-3.5147849756880196e-32
0.23600000000000002,1.7658265877765478e-32,-5.245079928732762e-32
0.23700000000000002,-1.284102483357564e-32,-5.373840441563056e-32
0.23800000000000002,-3.9332034599834725e-32,-3.867221650469818e-32
0.23900000000000002,-5.376841025580689e-32,-1.1890432585945927e-32
0.24,-5.179810755232108e-32,1.841980264605321e-32
0.241,-4.471840404564957e-32,3.182042965839398e-32
0.242,-2.098577828030612e-32,5.061470450645443e-32
0.243,9.052636731571438e-33,5.394729026708152e-32
0.244,3.6236893277420056e-32,4.085572577463529e-32
0.245,5.230588236699644e-32,1.5377677767663592e-32
0.246,5.240772329878897e-32,-1.469412840405122e-32
0.247,3.6564566949251365e-32,-4.019528328651467e-32
0.248,9.649636810053012e-33,-5.338246111662417e-32
0.249,-2.0111556182382085e-32,-5.02845397906606e-32
0.25,-4.3654919600706196e-32,-3.189823202497978e-32
0.251,-5.383825256535172e-32,-3.868311075620084e-33
0.252,-4.760781137670496e-32,2.5245237104883274e-32
0.253,-2.691378272492348e-32,4.6581226856433404e-32
0.254,1.8996980436791665e-33,5.367422469119309e-32
0.255,3.0039324832754685e-32,4.4413636595869e-32
0.256,4.894606880901858e-32,2.167134853119355e-32
0.257,5.289841937267827e-32,-7.588604038177318e-33
0.258,4.0743668375435396e-32,-3.4442409708340345e-32
0.259,1.6233408977499827e-32,-5.072800581411944e-32
0.26,1.75022943257327e-33,-5.314461779122782e-32
0.261,-2.6670163971000074e-32,-4.58988783640018e-32
0.262,-4.688178225882079e-32,-2.4712860271794234e-32
0.263,-5.276270855884976e-32,3.921358485152188e-33
0.264,-4.2571404416076793e-32,3.126724471842072e-32
0.265,-1.9461982906814e-32,4.90093040821616e-32
0.266,9.491698377050094e-33,5.178160699250825e-32
0.267,3.5461249728115654e-32,3.8790517110705025e-32
0.268,5.055555965589469e-32,1.404093366739319e-32
0.269,5.02184875591267e-32,-1.4898137705069296e-32
0.27,3.460393741099611e-32,-3.9208258978884814e-32
0.271,8.513359614093172e-33,-5.150866147631069e-32
0.272,-2.0080520452599549e-32,-4.809700535940389e-32
0.273,-4.246989789937323e-32,-3.0063547856242734e-32
0.274,-5.186361911007849e-32,-2.9434919149180344e-33
0.275,-4.5446961304901115e-32,2.4981849769611895e-32
0.276,-2.5224758220062177e-32,4.521372074918773e-32
0.277,2.6045940249825596e-33,5.162232759982732e-32
0.278,1.6584563012642148e-32,4.8864201796032964e-32
0.279,3.9917958429017565e-32,3.2564604391802904e-32
0.28,5.102896464472272e-32,6.411710867230049e-33
0.281,4.6577814478067824e-32,-2.1604866619982605e-32
0.28200000000000003,2.7970524615472485e-32,-4.295509168955354e-32
0.28300000000000003,9.153325928943612e-34,-5.116550201093774e-32
0.28400000000000003,-2.6328308700734313e-32,-4.378186803254755e-32
0.28500000000000003,-4.547109776802712e-32,-2.310249885369631e-32
0.28600000000000003,-5.071594190007172e-32,4.536816574459208e-33
0.28700000000000003,-4.051338580183118e-32,3.070386177548947e-32
0.28800000000000003,-1.8018886573077064e-32,4.744240808769371e-32
0.289,-4.361243601205592e-33,5.047644332215628e-32
0.29,9.582406641379493e-33,4.966414398658786e-32
0.291,3.441636713446798e-32,3.6950639414202754e-32
0.292,4.8696762930112015e-32,1.3037486583358703e-32
0.293,4.8114010251927794e-32,-1.4762646356498504e-32
0.294,3.289486859650287e-32,-3.797884156954797e-32
0.295,7.718354879926931e-33,-4.956299941997663e-32
0.296,-1.972262866178622e-32,-4.602943531186381e-32
0.297,-4.107183207836313e-32,-2.8503518245091645e-32
0.298,-4.985419181710091e-32,-2.363941112462674e-33
0.299,-4.343956026418306e-32,2.4407860582068345e-32
0.3,-2.383011346189383e-32,4.366466222664927e-32
0.301,2.9642113701470974e-33,4.957273404782873e-32
0.302,2.8767531308716494e-32,4.037901101061262e-32
0.303,4.5732676839477086e-32,1.8930870190992346e-32
0.304,4.8727540683453017e-32,-8.20547170956636e-33
0.305,3.688744796407281e-32,-3.275505624681493e-32
0.306,1.3864025987012114e-32,-4.7257463857480797e-32
0.307,-1.330080537119379e-32,-4.7333880179587467e-32
0.308,-2.5686570796721864e-32,-4.1827779127762754e-32
0.309,-4.3892949246173484e-32,-2.1788854787065197e-32
0.31,-4.8684638833069814e-32,4.812480669413741e-33
0.311,-3.864844497629206e-32,2.986113132991735e-32
0.312,-1.6887148688201518e-32,4.5741399320644394e-32
0.313,9.939519564561525e-33,4.7652342112900974e-32
0.314,3.365288987285011e-32,3.505905653123276e-32
0.315,4.704870682010295e-32,1.1841222592057359e-32
0.316,4.6085727742841825e-32,-1.490195094280172e-32
0.317,3.110471480365223e-32,-3.702232170348495e-32
0.318,6.71017828308393e-33,-4.7805315793503036e-32
0.319,-1.9644700114332095e-32,-4.400801613997212e-32
0.32,-3.993512188838333e-32,-2.6834242867622864e-32
0.321,-4.8008058966280775e-32,-1.553502236611759e-33
0.322,-4.144803768883077e-32,2.4115751003870168e-32
0.323,-2.22995908563303e-32,4.236254539482645e-32
0.324,3.5696180430576856e-33,4.766013036878527e-32
0.325,2.826671017651418e-32,3.843984743665618e-32
0.326,4.4281680278096334e-32,1.7555211141342954e-32
0.327,4.73145861550106e-32,4.778249311243275e-33
0.328,4.2569391391249054e-32,-2.1019582701159155e-32
0.329,2.488856823340931e-32,-4.0336514062265635e-32
0.33,-3.055779555440049e-34,-4.7317079722108075e-32
0.331,-2.532291365869855e-32,-3.9878547476737886e-32
0.332,-4.255268973169256e-32,-2.03320188454095e-32
0.333,-4.677879081062968e-32,5.335328034197342e-33
0.334,-3.675873062816474e-32,2.929402582446828e-32
0.335,-1.558844580101399e-32,4.426050568690782e-32
0.336,1.0254057095936299e-32,4.5711252067506186e-32
0.337,3.2890841443464907e-32,3.324986365658453e-32
0.338,4.5445502618281434e-32,1.0713921381992261e-32
0.339,4.4131929857219246e-32,-1.5006656703146774e-32
0.34,2.9395918347908777e-32,-3.6075979045299914e-32
0.341,5.7654565039345526e-33,-4.609934006429443e-32
0.342,-1.9540465347216042e-32,-4.2063965608038023e-32
0.343,-3.8817133925114317e-32,-2.524437264856143e-32
0.34400000000000003,-4.621983084596409e-32,-8.00339834161775e-34
0.34500000000000003,-4.460490319732464e-32,1.1840807921765152e-32
0.34600000000000003,-3.147313708329974e-32,3.364752951275544e-32
0.34700000000000003,-8.809603767189097e-33,4.5144673507222966e-32
0.34800000000000003,1.6458766353226117e-32,4.2868627764632514e-32
0.34900000000000003,3.663559206593218e-32,2.755769640190766e-32
0.35000000000000003,4.5599168409695835e-32,3.913493210839955e-33
0.35100000000000003,4.065970950273108e-32,-2.0842678259688962e-32
0.352,3.336080767734681e-32,-3.110849636379747e-32
0.353,1.175192982440508e-32,-4.399602391162404e-32
0.354,-1.3360475224828785e-32,-4.345520288644266e-32
0.355,-3.4324486818875564e-32,-2.969526068853029e-32
0.356,-4.477576596905244e-32,-6.946547336844755e-33
0.357,-4.489488555083033e-32,5.544423972133711e-33
0.358,-3.50537818315477e-32,2.847304250496831e-32
0.359,-1.458057587612329e-32,4.2662649034163104e-32
0.36,1.0260530980181559e-32,4.382524330021746e-32
0.361,3.1897282085804126e-32,3.165046576344886e-32
0.362,4.375752092688605e-32,9.886785446916043e-33
0.363,4.2265392541536785e-32,-1.4812450670798378e-32
0.364,2.7919299639477994e-32,-3.492291558573253e-32
0.365,5.12670905094602e-33,-4.434142099312224e-32
0.366,-1.9149795657552116e-32,-4.023803750143854e-32
0.367,-3.7519331105779517e-32,-2.3906186814359268e-32
0.368,-4.441276045442649e-32,-3.554062165059184e-34
0.369,-3.7770999313307034e-32,2.3225132158588533e-32
0.37,-1.9659796091439906e-32,3.9661126607535656e-32
0.371,4.372483079543249e-33,4.3975824079408513e-32
0.372,2.699449269915835e-32,3.4896847152645084e-32
0.373,4.1328348378378555e-32,1.5230978000335364e-32
0.374,4.30406627729904e-32,-9.003358683699449e-33
0.375,3.165247878028309e-32,-3.0417844098386886e-32
0.376,1.0672161949107558e-32,-4.250666485837767e-32
0.377,-1.3485262482439466e-32,-4.1622921336809684e-32
0.378,-3.3459505836883876e-32,-2.807865579052573e-32
0.379,-4.3187474485483494e-32,-6.036741330852952e-33
0.38,-3.9743604014245946e-32,1.7768455860822907e-32
0.381,-2.421949932629167e-32,3.6088514517647373e-32
0.382,-1.3784537317929882e-33,4.336794698303373e-32
0.383,2.180596605000927e-32,3.742878111856536e-32
0.384,3.8278930791443966e-32,2.012195241776607e-32
0.385,3.8099621492635635e-32,2.0306768174201014e-32
0.386,4.2997162839414717e-32,-2.9978608669753714e-33
0.387,3.479684058164688e-32,-2.5312860360228096e-32
0.388,1.6037128377701773e-32,-3.985235165534573e-32
0.389,-7.539332083633545e-33,-4.2218678333613956e-32
0.39,-2.8743549703706654e-32,-3.1732412839206444e-32
0.391,-4.113219395903403e-32,-1.162669377603759e-32
0.392,-4.096544869009455e-32,1.194945253879249e-32
0.393,-2.833582652321907e-32,3.1811610848787524e-32
0.394,-7.127269432805132e-33,4.1929227189634816e-32
0.395,1.617912865267457e-32,3.9256520089135336e-32
0.396,3.448558903124375e-32,2.464920415298572e-32
0.397,4.2239146577382823e-32,2.5911619513757318e-33
0.398,3.7115957100165534e-32,-2.0181817521663635e-32
0.399,2.0717563764589668e-32,-3.673884619765987e-32
0.4,-1.9294232953587015e-33,-4.2063257108812515e-32
0.401,-2.3914033448739966e-32,-3.4572517728863706e-32
0.402,-3.8549817508211517e-32,-1.658827561670509e-32
0.403,-4.140840279486549e-32,6.382977780674944e-33
0.404,-3.1659278059209364e-32,2.7335814494928024e-32
0.405,-1.2310497420174697e-32,3.9902207308576306e-32
0.406,1.0719271549408298e-32,4.0286833340704607e-32
0.40700000000000003,3.041114411762638e-32,2.841321128175969e-32
0.40800000000000003,4.078512293362633e-32,7.934594759460549e-33
0.40900000000000003,3.8716010363846504e-32,-1.4889914543073766e-32
0.41000000000000003,2.487472637304187e-32,-3.31083235240688e-32
0.41100000000000003,3.511553476956558e-33,-4.119314543232671e-32
0.41200000000000003,-1.8848891312666674e-32,-3.671835597673003e-32
0.41300000000000003,-3.5400290974911605e-32,-2.108717209968727e-32
0.41400000000000003,-4.112633703321328e-32,9.076091843698918e-34
0.41500000000000004,-3.4320947180498504e-32,2.255306327303752e-32
0.41600000000000004,-1.7096312360762267e-32,3.726488491667881e-32
0.417,-1.728042375842687e-32,3.7104563628295776e-32
0.418,5.031706355117112e-33,4.0552045284387404e-32
0.419,2.573872744390153e-32,3.16503975746541e-32
0.42,3.854602445989325e-32,1.3148975562198206e-32
0.421,3.958336151951549e-32,-9.291355319298474e-33
0.422,2.8574304454102804e-32,-2.883018416984153e-32
0.423,8.908364445361368e-33,-3.9532623820406405e-32
0.424,-1.3402434909251485e-32,-3.8171942538693365e-32
0.425,-3.1561398026543573e-32,-2.5202260901810886e-32
0.426,-4.0057612422616897e-32,-4.6081399213277926e-33
0.427,-3.633832386634828e-32,1.731944042653043e-32
0.428,-2.157574867596729e-32,3.3904740134881734e-32
0.429,-2.9803976240887985e-34,4.0119583599966046e-32
0.43,2.0999537904663577e-32,3.410766175442482e-32
0.431,3.583728927421881e-32,1.7738744949605782e-32
0.432,3.9722436222514005e-32,-3.9725802956584185e-33
0.433,3.9678329972594994e-32,-3.7390012389160154e-33
0.434,3.1595805502800876e-32,-2.4182005472648354e-32
0.435,1.3927390095226277e-32,-3.7199785257128266e-32
0.436,-7.919533055036608e-33,-3.8856487866347575e-32
0.437,-2.728429558473239e-32,-2.868588111570591e-32
0.438,-3.8283573225227657e-32,-9.821654874320039e-33
0.439,-3.759875643508473e-32,1.1967960434721815e-32
0.44,-2.547707774962391e-32,3.0043902039028053e-32
0.441,-5.6445267766341233e-33,3.891905801969169e-32
0.442,1.5839330864056256e-32,3.5923846685439583e-32
0.443,3.2432696757881977e-32,2.2009040731052858e-32
0.444,3.9103437768575614e-32,1.4444539891645302e-33
0.445,3.3855051119647024e-32,-1.9491162588594395e-32
0.446,1.8323983530136212e-32,-3.4427069320891517e-32
0.447,-2.7303351479257653e-33,-3.883909387985683e-32
0.448,-2.2883905526615366e-32,-3.141993195328509e-32
0.449,-3.6008151842370036e-32,-1.4466179775539863e-32
0.45,-3.813351225129762e-32,6.832381125693964e-33
0.451,-2.8649963639386043e-32,2.5981364091938157e-32
0.452,-1.048143677958677e-32,3.71619874117452e-32
0.453,1.0815528001821703e-32,3.699914692822316e-32
0.454,2.875107747312271e-32,2.558013423894749e-32
0.455,3.787964073344715e-32,6.416556774381134e-33
0.456,3.545322834003856e-32,-1.4635437917655674e-32
0.457,2.2248510603018785e-32,-3.1164653446396914e-32
0.458,2.318792138399341e-33,-3.8157250276976394e-32
0.459,-1.8250079717963301e-32,-3.351751885848211e-32
0.46,-3.319805236971499e-32,-1.8695772695708833e-32
0.461,-3.7996021923143864e-32,1.7646991007779244e-33
0.462,-3.12180189953459e-32,2.162018634695256e-32
0.463,-1.4964722687102841e-32,3.483181860806069e-32
0.464,5.787391267617085e-33,3.740216476121929e-32
0.465,2.4709676103940725e-32,2.8584628088493987e-32
0.466,3.6051257268246285e-32,1.1099774677405379e-32
0.467,3.63867703463305e-32,-9.703916459821379e-33
0.468,2.5650763806837e-32,-2.7486033304003887e-32
0.46900000000000003,7.146431076659694e-33,-3.6846554767594256e-32
0.47000000000000003,7.344884847993479e-33,-3.6743771708118156e-32
0.47100000000000003,-1.3248191771416113e-32,-3.498378375109592e-32
0.47200000000000003,-2.974207568627958e-32,-2.2586097743793606e-32
0.47300000000000003,-3.713226713714181e-32,-3.358017015539168e-33
0.47400000000000003,-3.3200650694560135e-32,1.6827728410079718e-32
0.47500000000000003,-1.918106782621389e-32,3.182658935485533e-32
0.47600000000000003,6.2755752073163185e-34,3.7092535234781625e-32
0.47700000000000004,2.0179334353853962e-32,3.1055830386103965e-32
0.47800000000000004,3.3526635341622544e-32,1.5590709950098515e-32
0.47900000000000004,3.6629291005539977e-32,-4.5663029606215125e-33
0.48,2.857743350004696e-32,-2.3266974117654998e-32
0.481,1.1857900141148669e-32,-3.482661038880002e-32
0.482,1.2036892879710621e-32,-3.470031170687303e-32
0.483,-8.195303789953281e-33,-3.5739981019139454e-32
0.484,-2.5866812113561036e-32,-2.590256825590018e-32
0.485,-3.560972909095177e-32,-8.217229353152516e-33
0.486,-3.4486229641273647e-32,1.1909287218361194e-32
0.487,-2.2874291166726283e-32,2.834551540626114e-32
0.488,-4.34166247681162e-33,3.610313603015179e-32
0.489,1.5450212009271045e-32,3.285083148834504e-32
0.49,3.0475611808079486e-32,1.961472979820323e-32
0.491,3.6179033054527167e-32,4.55039957449519e-34
0.492,3.085627396420049e-32,-1.877933308338063e-32
0.493,1.6163436980176733e-32,-3.223622645993553e-32
0.494,-3.398110392197591e-33,-3.5840707076946573e-32
0.495,-2.1860711455175082e-32,-2.8528925329810947e-32
0.496,-3.3610914789686527e-32,-1.2561763165526356e-32
0.497,-3.50961462036923e-32,7.174086351278415e-33
0.498,-2.58986947415361e-32,2.4661597036286183e-32
0.499,-8.852365974741766e-33,3.458780636488999e-32
0.5,1.0830502521728793e-32,3.395790166567335e-32
0.501,2.715277118595936e-32,2.2998655205359178e-32
0.502,3.5159695039190885e-32,5.0787096818010175e-33
0.503,3.244289897431409e-32,-1.4326761622190802e-32
0.504,1.9864634125107525e-32,-2.930884549435402e-32
0.505,1.2845604615032867e-33,-3.5324074896493687e-32
0.506,-1.7624500657198044e-32,-3.0572200965523917e-32
0.507,-3.110851381955789e-32,-1.6534776446475333e-32
0.508,-3.5083122121456533e-32,2.4865167910633694e-33
0.509,-2.837072591849389e-32,2.0688007112630466e-32
0.51,-1.304908566208198e-32,3.253475516307336e-32
0.511,6.191654334022872e-33,3.444362354154056e-32
0.512,2.348460071924163e-32,2.5866924417779087e-32
0.513,3.357498555440277e-32,9.44894814342196e-33
0.514,3.3416853187889903e-32,-9.789164550854905e-33
0.515,2.3092419062121554e-32,-2.5984976763922346e-32
0.516,5.776646401722774e-33,-3.4221157716305424e-32
0.517,-1.3239004629962088e-32,-3.201839880297335e-32
0.518,-2.816350740781482e-32,-2.0081611507240224e-32
0.519,-2.800143883836419e-32,-2.020871475149073e-32
0.52,-3.4399990918497167e-32,-2.26827294000165e-33
0.521,-3.031130969872465e-32,1.6302572057358947e-32
0.522,-1.7014245148124834e-32,2.9851681511480805e-32
0.523,1.4150266502736347e-33,3.4273551321111026e-32
0.524,1.9352458524441658e-32,2.825323410547938e-32
0.525,3.1342357539598187e-32,1.3657115753610543e-32
0.526,3.3756678578138105e-32,-5.0455053320256244e-33
0.527,2.589274795147726e-32,-2.2150830823437465e-32
0.528,1.017731161740938e-32,-3.2460008655367877e-32
0.529,-8.582198184475629e-33,-3.285916458349332e-32
0.53,-2.466821069422761e-32,-2.3259836809795918e-32
0.531,-3.319557357467206e-32,-6.615821904915821e-33
0.532,-3.159505391378834e-32,1.1985619714910484e-32
0.533,-2.038730126892993e-32,2.6878624479120526e-32
0.534,-3.0141614664925618e-33,3.354444780172669e-32
0.535,1.5218200393425667e-32,2.9982441006643713e-32
0.536,2.8759865088359794e-32,1.731035406526087e-32
0.537,3.3506491905233847e-32,-5.861088407553318e-34
0.538,2.804322307375147e-32,-1.8244696947720116e-32
0.539,1.4066193657178427e-32,-3.0293708313254174e-32
0.54,-4.14385758411076e-33,-3.308598868372193e-32
0.541,-2.1032571990028777e-32,-2.5802812012938584e-32
0.542,-3.1466081469069384e-32,-1.0693559348620134e-32
0.543,-3.2291550218165614e-32,7.618848548130169e-33
0.544,-2.328980901957726e-32,2.355233894282176e-32
0.545,-7.232273229834086e-33,3.2267182914692855e-32
0.546,1.0972191661927406e-32,3.1135976372753667e-32
0.547,2.577786866661024e-32,2.053564598715477e-32
0.548,3.269155157193959e-32,3.7227743014115646e-33
0.549,2.963606684401091e-32,-1.4166774055401768e-32
0.55,1.7574198125667492e-32,-2.7686654666669966e-32
0.551,2.056501835758382e-34,-3.273808614751756e-32
0.552,-1.716766651585525e-32,-2.7812389368450356e-32
0.553,-2.9260034259945107e-32,-1.4441372511371735e-32
0.554,-3.241001433844378e-32,3.278828213440531e-33
0.555,-2.568900717399695e-32,1.9942500944627696e-32
0.556,-2.5759721665945903e-32,1.9762226956591185e-32
0.557,-1.1330010091729593e-32,3.0368271260025326e-32
0.558,6.49875346574453e-33,3.1699701231377e-32
0.559,2.2290989547774963e-32,2.338230315908066e-32
0.56,3.1248805403155105e-32,7.97869249846191e-33
0.561,3.066959593834444e-32,-9.80111587314379e-33
0.562,2.0761318466603835e-32,-2.4539840584711542e-32
0.5630000000000001,4.5695375258338884e-33,-3.176345479669144e-32
0.5640000000000001,-1.2958608328312844e-32,-2.9299236502836484e-32
0.5650000000000001,-2.648586450495331e-32,-1.792914472711296e-32
0.5660000000000001,-3.190997844480187e-32,-1.1420817910688702e-33
0.5670000000000001,-2.760766950138882e-32,1.593658728108902e-32
0.5680000000000001,-1.4920250470419545e-32,2.8109834583710166e-32
0.5690000000000001,2.264322336421648e-33,3.169036473161653e-32
0.5700000000000001,1.870280543929169e-32,2.5617422876732726e-32
0.5710000000000001,2.9396395959659093e-32,1.1770780888329456e-32
0.5720000000000001,3.1110766614180785e-32,-5.610954635656043e-33
0.5730000000000001,2.3354213839685123e-32,-2.1227756459933855e-32
0.5740000000000001,8.518128070514131e-33,-3.0334202590481305e-32
0.5750000000000001,-8.860163253581167e-33,-3.018138986591817e-32
0.5760000000000001,-2.348498488608417e-32,-2.0846623229288953e-32
0.577,-2.3326413986987266e-32,-2.09457158073956e-32
0.578,-3.0834312309886397e-32,-5.368341463759539e-33
0.579,-3.075179619011252e-32,-5.5354427519514957e-33
0.58,-2.895480560630789e-32,1.1605359335536723e-32
0.581,-1.8354511678663625e-32,2.515827664042767e-32
0.582,-2.2052701518648574e-33,3.1011875005771577e-32
0.583,1.4561167160637562e-32,2.741086251980556e-32
0.584,2.6841683041978743e-32,1.5482283237372828e-32
0.585,3.09149504366104e-32,-1.1169693471477607e-33
0.586,2.5569020112985007e-32,-1.7321153624262993e-32
0.587,1.2461696497884875e-32,-2.8201582259814995e-32
0.588,-4.3933868583210704e-33,-3.04656824166718e-32
0.589,-1.9855725001603546e-32,-2.3453291812412215e-32
0.59,-2.9225651796311677e-32,-9.328748069372442e-33
0.591,-2.967271122846794e-32,7.586994166798004e-33
0.592,-2.1090582179713604e-32,2.213815816006993e-32
0.593,-6.120360501078617e-33,2.990552975466466e-32
0.594,1.0662117483247272e-32,2.854851915340124e-32
0.595,2.4144877398593486e-32,1.8510350668690903e-32
0.596,3.0236870993205613e-32,2.8739511040582298e-33
0.597,2.7109249590955283e-32,-1.3584792058806476e-32
0.598,1.57442495298246e-32,-2.585569256227952e-32
0.599,-3.730005911125161e-34,-3.0219356815959906e-32
0.6,-1.6323133341973418e-32,-2.5374486137023484e-32
0.601,-2.725399609646491e-32,-1.2825740257569437e-32
0.602,-2.985665855102195e-32,3.583381783827175e-33
0.603,-2.336699454456597e-32,1.884768066913436e-32
0.604,-9.789693177331657e-33,2.832691719673072e-32
0.605,6.72086689369122e-33,2.9156355891812046e-32
0.606,2.1131709834197417e-32,2.111243088489404e-32
0.607,2.9065431720086923e-32,6.671974915963917e-33
0.608,2.8129811384558976e-32,-9.750324870163e-33
0.609,1.8639019581135734e-32,-2.3151511274823924e-32
0.61,3.5090285908837844e-33,-2.946442704140596e-32
0.611,-1.2638208797852462e-32,-2.6792002932765695e-32
0.612,-2.4886631038159915e-32,-1.5977205293216114e-32
0.613,-2.95227215622032e-32,-3.3745158802579918e-34
0.614,-2.516131665059897e-32,1.535292352108055e-32
0.615,-1.3159282892925284e-32,2.632007214256921e-32
0.616,-1.3287496969221286e-32,2.620064459155277e-32
0.617,2.6346656027663194e-33,2.9209894008734503e-32
0.618,1.770226532662927e-32,2.332223721259799e-32
0.619,2.7333941327862944e-32,1.0358556789709199e-32
0.62,2.8617417702445494e-32,-5.713496840079181e-33
0.621,2.1189987354476034e-32,-1.9993777408740214e-32
0.622,7.340378506870304e-33,-2.814357884729809e-32
0.623,-8.696397169676984e-33,-2.7703785849534744e-32
0.624,-2.2033992036714028e-32,-1.8836786464638403e-32
0.625,-2.8623524765935873e-32,-4.2683429493466485e-33
0.626,-2.648263533500207e-32,1.1550231395291563e-32
0.627,-1.629172632152342e-32,2.3802093309652577e-32
0.628,-1.17809440216745e-33,2.8771574564667686e-32
0.629,1.4243669038119555e-32,2.497098179534399e-32
0.63,2.5280582263729637e-32,1.3585801876394326e-32
0.631,2.858933869539408e-32,-1.8948693711949456e-33
0.632,2.3188991538218783e-32,-1.6747524436266847e-32
0.633,1.0751538094306833e-32,-2.645544385296056e-32
0.634,-4.915601352916058e-33,-2.8082186216569326e-32
0.635,-1.9035068948359918e-32,-2.115971972447525e-32
0.636,-2.7316272452941395e-32,-7.822603022488969e-33
0.637,-2.7259146034789743e-32,7.850099178681645e-33
0.638,-1.8908818140395343e-32,2.1082311970909896e-32
0.639,-4.833411645174918e-33,2.7856354865955694e-32
0.64,1.06656843302401e-32,2.6132767302901674e-32
0.641,2.286824786816407e-32,1.6464216202424235e-32
0.642,2.8072710301703854e-32,1.8187251438676866e-33
0.643,2.471894097645223e-32,-1.3331362425507242e-32
0.644,1.3855779106328337e-32,-2.437506633161235e-32
0.645,-1.1867498114459397e-33,-2.7966087304839257e-32
0.646,-1.581816067677305e-32,-2.3036684954284808e-32
0.647,-2.55883241289611e-32,-1.1114947255000414e-32
0.648,-2.7540918092811243e-32,4.14875716098295e-33
0.649,-2.1107895621118656e-32,1.8099438887590122e-32
0.65,-8.274361271948964e-33,2.6497076663942413e-32
0.651,7.033878462858288e-33,2.680523124963367e-32
0.652,2.0151170697447222e-32,1.8957068965884528e-32
0.653,2.0008999337284445e-32,1.9040295962831923e-32
0.654,2.701774689854291e-32,5.513214536963459e-33
0.655,2.5783223165745285e-32,-9.646206028793688e-33
0.656,1.6708454589721875e-32,-2.1820393182095182e-32
0.657,2.580462370565632e-33,-2.7315375623226323e-32
0.658,-1.2285601345492876e-32,-2.448157293709015e-32
0.659,-2.3364391566032622e-32,-1.4208864822505335e-32
0.66,-2.729787234264753e-32,3.5259893418308397e-34
0.661,-2.2913089574548017e-32,1.4758329693420205e-32
0.662,-1.1571762052558077e-32,2.462600971488562e-32
0.663,3.2524461559759205e-33,2.6968572706828395e-32
0.664,1.7037790152220898e-32,2.109835333935516e-32
0.665,2.5593639104663236e-32,8.828652375224697e-33
0.666,2.6334342503405243e-32,-6.086269218362672e-33
0.667,1.906055398765021e-32,-1.9099855224405725e-32
0.668,6.011939882406585e-33,-2.625914653399148e-32
0.669,-8.822339059930379e-33,-2.540546406732807e-32
0.67,-2.0923121962642877e-32,-1.6825199784172008e-32
0.671,-2.661793249340863e-32,-3.1545474010028927e-33
0.672,-2.4195484775194136e-32,1.1430359489861673e-32
0.673,-1.441980291451727e-32,2.2489129461091181e-32
0.674,-2.8953507676526836e-34,2.666894856949476e-32
0.675,1.3881799167079105e-32,2.2721029732944394e-32
0.676,2.378254055988416e-32,1.187354512602537e-32
0.677,2.6414674092545003e-32,-2.5502788160256548e-33
0.678,2.100158115388164e-32,-1.615020010676466e-32
0.679,9.216927615202329e-33,-2.4791286042261583e-32
0.68,-5.3326905276774275e-33,-2.586105270019906e-32
0.681,-1.821145942208049e-32,-1.905922727979941e-32
0.682,-2.550667004961314e-32,-6.481409319653912e-33
0.683,-2.501738994084517e-32,8.026472755220672e-33
0.684,-1.6918384017697943e-32,2.0044081347553117e-32
0.685,-3.6990378636428805e-33,2.5923435895598907e-32
0.686,1.060172180415231e-32,2.3896213474686552e-32
0.687,2.1629396959603872e-32,1.4605492744813805e-32
0.6880000000000001,2.6039791921233684e-32,9.020774480632405e-34
0.6890000000000001,2.2513097842305463e-32,-1.3030186169158403e-32
0.6900000000000001,2.2549669145977292e-32,-1.28796771919928e-32
0.6910000000000001,1.2259371259013131e-32,-2.2843758658485612e-32
0.6920000000000001,-1.7265048793035283e-33,-2.5824638864426834e-32
0.6930000000000001,-1.5140562829401054e-32,-2.093864585660411e-32
0.6940000000000001,-2.390357853788411e-32,-9.698485768206485e-33
0.6950000000000001,-2.5364947590724217e-32,4.454961352213902e-33
0.6960000000000001,-1.9104357671178444e-32,1.7205920141540086e-32
0.6970000000000001,-7.052243512581342e-33,2.4679673804072927e-32
0.6980000000000001,7.105356229013448e-33,2.4619950008472618e-32
0.6990000000000001,1.9054090975206073e-32,1.7069989058808157e-32
0.7000000000000001,2.516599805087088e-32,4.3517360737786165e-33
0.7010000000000001,2.3600999079912002e-32,-9.648176510179425e-33
0.7020000000000001,1.4860780394849988e-32,-2.0666114769484352e-32
0.7030000000000001,1.628365830281256e-33,-2.5359876648776126e-32
0.704,1.770485790374344e-33,-2.530792957902489e-32
0.705,-1.1907651358415584e-32,-2.2353789625819227e-32
0.706,-2.191745663527913e-32,-1.2608506880482387e-32
0.707,-2.522572896457511e-32,9.403897139589867e-34
0.708,-2.0848252453585195e-32,1.4158091961198863e-32
0.709,-1.0142418146700071e-32,2.3024314819686847e-32
0.71,3.613544423359925e-33,2.485605699041446e-32
0.711,1.6224336221033022e-32,1.9119433831245472e-32
0.712,2.3857028913672725e-32,7.58495597575651e-33
0.713,2.4205998796938727e-32,-6.218803832563689e-33
0.714,2.4200815960353574e-32,-6.070078985604509e-33
0.715,1.7263708287688748e-32,-1.7956004520042963e-32
0.716,5.0973315078782283e-33,-2.433939600173908e-32
0.717,-8.579383237556856e-33,-2.3296465494863603e-32
0.718,-1.9600371561220922e-32,-1.516923001150015e-32
0.719,-2.462141776592036e-32,-2.453915280938428e-33
0.72,-2.2134872557477278e-32,1.0965671025162214e-32
0.721,-1.2922232385554587e-32,2.100437634135533e-32
0.722,1.9124279655764443e-34,2.4619250396459815e-32
0.723,1.3202894974042572e-32,2.073187188149593e-32
0.724,2.2154365001799015e-32,1.0549912550197488e-32
0.725,2.433574639201025e-32,-2.807895515668963e-33
0.726,1.9105899541871871e-32,-1.5266970444032426e-32
0.727,8.080629259801742e-33,-2.3039722535345042e-32
0.728,-5.366422402339757e-33,-2.377694509095344e-32
0.729,-1.7136031248117696e-32,-1.7277756376917347e-32
0.73,-2.3652963861508064e-32,-5.5435672298339796e-33
0.731,-2.2951971941948442e-32,7.838161995378859e-33
0.732,-1.527034673858766e-32,1.879065747359847e-32
0.733,-2.9683953843244024e-33,2.3989788225592974e-32
0.734,1.0195729858252437e-32,2.1872903507507012e-32
0.735,2.0214073079435614e-32,1.3108395802484686e-32
0.736,2.4049096664791866e-32,3.8492297011059527e-34
0.737,2.0554600084349318e-32,-1.2413318832280827e-32
0.738,1.0818148881604469e-32,-2.1392311312295482e-32
0.739,-2.1772425108608565e-33,-2.38329727091894e-32
0.74,-1.4466978276532053e-32,-1.9014508175636593e-32
0.741,-2.231434637106399e-32,-8.427056359252034e-33
0.742,-2.3346626904051415e-32,4.6890316599845935e-33
0.743,-1.7272435372482603e-32,1.6334869312237873e-32
0.744,-5.963447984922145e-33,2.2972190150951304e-32
0.745,7.122240043973609e-33,2.2598306147401809e-32
0.746,1.7997493393460453e-32,1.535030049201613e-32
0.747,2.33609533090222e-32,3.4562003612573246e-33
0.748,2.1599169229105954e-32,-9.449841919351195e-33
0.749,1.32718620737137e-32,-1.9437891857225105e-32
0.75,9.344014899192305e-34,-2.347887030827975e-32
0.751,-1.1646287364814498e-32,-2.0363130330148372e-32
0.752,-2.0641814461343016e-32,-1.1062428552188958e-32
0.753,-2.3327288512508325e-32,1.572983760664398e-33
0.754,-1.8906672589456026e-32,1.3687779590821944e-32
0.755,-8.74855360101714e-33,2.159785529238698e-32
0.756,4.037443451687616e-33,2.291062181420515e-32
0.757,1.5552529454444525e-32,1.7248634166729783e-32
0.758,2.229755481528424e-32,6.357720276872457e-33
0.759,2.223626967845972e-32,-6.431239912572462e-33
0.76,1.540996951990892e-32,-1.722098449759934e-32
0.761,3.918017685138667e-33,-2.273546723516129e-32
0.762,-8.727719033569462e-33,-2.1314502872095813e-32
0.763,-1.8676030144625631e-32,-1.341348887209973e-32
0.764,-2.29091927467525e-32,-1.457813936594333e-33
0.765,-2.015831751549402e-32,1.0901604097498103e-32
0.766,-1.1283579062457965e-32,1.9903161036859558e-32
0.767,9.945708303468186e-34,2.2819374652188735e-32
0.768,1.292927094644412e-32,1.8783259440241238e-32
0.769,7.309413165789894e-34,2.2753290673579592e-32
0.77,1.26711783963825e-32,1.8866985379502255e-32
0.771,2.0716569561743372e-32,9.253473486907223e-33
0.772,2.243232584789305e-32,-3.143346908703992e-33
0.773,1.7317504877205755e-32,-1.4542573545332063e-32
0.774,6.950983412391813e-33,-2.147939663689774e-32
0.775,-5.4958252945608985e-33,-2.1858189484283634e-32
0.776,-1.622914991415886e-32,-1.5585530900663344e-32
0.777,-2.198915870367706e-32,-4.5919650024646735e-33
0.778,-2.103996213138749e-32,7.762087737927116e-33
0.779,-1.3692672950683735e-32,1.7713471641258764e-32
0.78,-2.203940487242995e-33,2.2242548045305014e-32
0.781,9.91709238861034e-33,1.9989423549966225e-32
0.782,1.8980587798077533e-32,1.1662164153473027e-32
0.783,2.2239219782801525e-32,-1.855102610666033e-34
0.784,1.8720891231690368e-32,-1.193731806355787e-32
0.785,9.518579588248344e-33,-2.0018178528538227e-32
0.786,-2.5490654950344327e-33,-2.198176633566284e-32
0.787,-1.380101792503327e-32,-1.7251031522529386e-32
0.788,-2.0816669665455325e-32,-7.287542081186652e-33
0.789,-2.1475658568092827e-32,4.8599712669927036e-33
0.79,-1.5598645781890828e-32,1.5488450356756691e-32
0.791,-4.995418952720202e-33,2.136931482771476e-32
0.792,7.09234153367027e-33,2.072915462487299e-32
0.793,1.6982084626352253e-32,1.3784434269762276e-32
0.794,2.1672244383553535e-32,2.669013273881887e-33
0.795,1.9753177820223286e-32,-9.22144535599328e-33
0.796,1.1830740681854073e-32,-1.82667792345938e-32
0.797,3.3525321477699625e-34,-2.1724481050055892e-32
0.798,-1.1223978040227951e-32,-1.8561165283114408e-32
0.799,-1.9329931184976676e-32,-9.761280444848424e-33
0.8,-2.1527922282563916e-32,1.979116945590734e-33
0.801,-1.7168889379748755e-32,1.307831328154713e-32
0.802,-7.600856038490259e-33,2.0161594757053293e-32
0.803,4.24784063341166e-33,2.108728998570935e-32
0.804,1.4764733617456763e-32,1.5594254224934134e-32
0.805,2.0754568729588238e-32,5.3750627270128744e-33
0.806,2.041004844594313e-32,-6.445444197480745e-33
0.807,1.385706985576541e-32,-1.6265636773192826e-32
0.808,3.109988158340705e-33,-2.11044513706427e-32
0.809,-8.547520241607063e-33,-1.9506291739662715e-32
0.81,-1.7565715780773715e-32,-1.1978806870707478e-32
0.811,-2.120966288686508e-32,-8.319093251810438e-34
0.812,-1.8388602207402797e-32,1.0530995952249015e-32
0.8130000000000001,-9.982334532530247e-33,1.8652111074195102e-32
0.8140000000000001,1.4330096225012649e-33,2.107143539921497e-32
0.8150000000000001,1.237438350412448e-32,1.70718818993981e-32
0.8160000000000001,1.951453310140742e-32,7.891645492692913e-33
0.8170000000000001,2.0693770882799162e-32,-3.659015268583035e-33
0.8180000000000001,1.557315918776192e-32,-1.405800986039207e-32
0.8190000000000001,5.731570416251103e-33,-2.014535434518221e-32
0.8200000000000001,-5.821055163792701e-33,-2.008336787026166e-32
0.8210000000000001,-1.5564223546186622e-32,-1.3911373002486835e-32
0.8220000000000001,-2.0539670005604552e-32,-3.527485869154124e-33
0.8230000000000001,-1.924951806719733e-32,7.895057159936555e-33
0.8240000000000001,-1.2107137379747538e-32,1.6877576261540938e-32
0.8250000000000001,-1.3050188733480946e-33,2.069532696251065e-32
0.8260000000000001,9.858194761447698e-33,1.820397436048792e-32
0.8270000000000001,1.7984977508504162e-32,1.0182489209233696e-32
0.8280000000000001,2.0612921002496842e-32,-9.102484607018583e-34
0.8290000000000001,1.6960792012657007e-32,-1.1689135600848776e-32
0.8300000000000001,8.160622230525146e-33,-1.887582073383226e-32
0.8310000000000001,-3.093070849268364e-33,-2.0295762657963428e-32
0.8320000000000001,-1.3368270366375832e-32,-1.553614512393884e-32
0.833,-2.851102827282362e-33,-2.0262174782330138e-32
0.834,-1.3145721602026107e-32,-1.5635895439620493e-32
0.835,-1.940659449858243e-32,-6.267906953124937e-33
0.836,-1.974232113584442e-32,4.97587076673748e-33
0.837,-1.4070476798587078e-32,1.46683601079635e-32
0.838,-4.136669661259938e-33,1.986585593492592e-32
0.839,7.022630759521976e-33,1.9002017329982407e-32
0.84,1.6008212483455735e-32,1.2359831548026835e-32
0.841,2.0093513051153074e-32,1.9793630932369082e-33
0.842,1.8051917355247278e-32,-8.968767842398837e-33
0.843,1.0524954624418525e-32,-1.7151785135977328e-32
0.844,-1.790988335348161e-34,-2.0089268596240232e-32
0.845,-1.0793042031837978e-32,-1.6904966823947568e-32
0.846,-1.8087961896165384e-32,-8.58805182816169e-33
0.847,-1.9855478536626646e-32,2.3140368953848308e-33
0.848,-1.5576232220775177e-32,1.2475817381387264e-32
0.849,-6.572273998907411e-33,1.880810740189487e-32
0.85,4.401286270738111e-33,1.9397098731374905e-32
0.851,1.399927042833595e-32,1.4082707614228498e-32
0.852,1.9306141102052186e-32,4.501443035619064e-33
0.853,1.872160242535609e-32,-6.417467586543109e-33
0.854,1.24431012621248e-32,-1.534757585254246e-32
0.855,2.399772973656746e-33,-1.9578581326602345e-32
0.856,-8.340246291336971e-33,-1.783886979374449e-32
0.857,-1.650706745238909e-32,-1.0677604750012602e-32
0.858,-1.9624559217145755e-32,-2.9158935570655594e-34
0.859,-1.6761051078243804e-32,1.0148577506885309e-32
0.86,-8.807647474659243e-33,1.7466372843767817e-32
0.861,1.798949879332587e-33,1.9445802658653804e-32
0.862,1.182293370462897e-32,1.5502405141942872e-32
0.863,1.8216520604165717e-32,6.855639424288881e-33
0.864,1.904659069451095e-32,-3.848128814820002e-33
0.865,1.40791155324466e-32,-1.334551277586047e-32
0.866,1.9025852743261193e-32,-3.617845653045698e-33
0.867,1.418355005787147e-32,-1.313965864676293e-32
0.868,5.042122342435551e-33,-1.8632142101818004e-32
0.869,-5.602912739332427e-33,-1.8437657688902596e-32
0.87,-1.4507879091860794e-32,-1.2634300838398035e-32
0.871,-1.8969297786989374e-32,-3.0063646420428875e-33
0.872,-1.7644602675928263e-32,7.504195850404103e-33
0.873,-1.0956077288608475e-32,1.5696683930263633e-32
0.874,-9.565051853385712e-34,1.9086310333662938e-32
0.875,9.300800060859687e-33,1.6657789430703307e-32
0.876,1.6694272261144233e-32,9.169342104516548e-33
0.877,1.8984032938571248e-32,-1.083889135724396e-33
0.878,1.5490423558684037e-32,-1.0973234663754287e-32
0.879,7.2955944873284e-33,-1.749114589991329e-32
0.88,-3.091594094872749e-33,-1.8665816438243827e-32
0.881,-1.250362194563851e-32,-1.4157642691766145e-32
0.882,-1.8080195014692863e-32,-5.357114128957251e-33
0.883,-1.8137446162435776e-32,5.0439901372644244e-33
0.884,-1.2676324265658953e-32,1.387588545034552e-32
0.885,-3.376698825178725e-33,1.8456755615685175e-32
0.886,6.919314867823082e-33,1.7407051593556347e-32
0.887,1.5075915784065558e-32,1.106487532676398e-32
0.888,1.8618638520494886e-32,1.377398778490007e-33
0.889,1.648499013512906e-32,-8.696903231322384e-33
0.89,9.343006949534563e-33,-1.6091712290292216e-32
0.891,-6.177493399007467e-34,-1.8566129748196888e-32
0.892,-1.0357412761819413e-32,-1.538370657524113e-32
0.893,-1.6913499215623744e-32,-7.531495995489367e-33
0.894,-1.8301962621934896e-32,2.585985527316828e-33
0.895,-1.4117570092926534e-32,1.1883031475763074e-32
0.896,-5.651937062541534e-33,1.7533815292652518e-32
0.897,4.5050838067224e-33,1.7831262180377789e-32
0.898,1.3257666205593914e-32,1.2702690893687637e-32
0.899,1.7947575980659535e-32,3.726487557069237e-33
0.9,1.7161462808852321e-32,-6.353600920036816e-33
0.901,1.115671877240811e-32,-1.4467109416107422e-32
0.902,1.7776088705713342e-33,-1.8152107924862893e-32
0.903,-8.111113601697815e-33,-1.6302200297963677e-32
0.904,-1.549918281123969e-32,-9.4986260855826e-33
0.905,-1.8147155516836803e-32,1.7219334239977664e-34
0.906,-1.5265179817750088e-32,9.758441834449074e-33
0.907,-7.748477768269389e-33,1.6343856321021403e-32
0.908,2.100626807882661e-33,1.7934859758724167e-32
0.909,1.1277855675378856e-32,1.4064021555857584e-32
0.91,1.6993341353843228e-32,5.927191153007264e-33
0.911,1.751970994837237e-32,-3.985865273959314e-33
0.912,1.2714086006087704e-32,-1.2653263452001513e-32
0.913,4.056288437050004e-33,-1.744215750437443e-32
0.914,-5.806793312505198e-33,-1.6908469007989485e-32
0.915,-1.3870379362976259e-32,-1.1232281106469393e-32
0.916,-1.7687172218891892e-32,-2.1576446999679502e-33
0.917,-1.611007357194469e-32,7.543240561555248e-33
0.918,-9.636853611555307e-33,1.4916868772985445e-32
0.919,-2.532343956423682e-34,1.7727613233787206e-32
0.92,9.176202836342198e-33,1.5135510226698624e-32
0.921,1.5782469763233796e-32,7.947167240091575e-33
0.922,1.75650539160112e-32,-1.6351207689809692e-33
0.923,1.399766955453113e-32,-1.0688047712724708e-32
0.924,6.183470265061609e-33,-1.6459089784703555e-32
0.925,-3.485999700839547e-33,-1.7203371942621244e-32
0.926,-1.2062702388021617e-32,-1.27111798699665e-32
0.927,-1.694087655730688e-32,-4.366655307223719e-33
0.928,-1.6648682056937486e-32,5.278622743015998e-33
0.929,-1.1292222751080767e-32,1.328582184864965e-32
0.93,-2.5180141548904586e-33,1.722426266093063e-32
0.931,6.993082770201088e-33,1.5909243927738484e-32
0.932,1.4344935618631198e-32,9.758332655013834e-33
0.933,1.730798357053989e-32,6.589904614525341e-34
0.934,1.4995346412245438e-32,-8.610564013093802e-33
0.935,8.128183066121661e-33,-1.5229571624998e-32
0.936,-1.1890668319686397e-33,-1.7193069193464406e-32
0.937,-1.0113546233028806e-32,-1.3919169780368087e-32
0.9380000000000001,-1.5931355992200274e-32,-6.421361754751657e-33
0.9390000000000001,-1.6882809269240563e-32,3.005146537974797e-33
0.9400000000000001,-1.5804064650445334e-32,-6.58127088027312e-33
0.9410000000000001,-1.6859798905198995e-32,2.8024015691987734e-33
0.9420000000000001,-1.2782552014557315e-32,1.1302237438047951e-32
0.9430000000000001,-4.8298773440044026e-33,1.6335166366227993e-32
0.9440000000000001,4.5657866506784986e-33,1.6381494435895283e-32
0.9450000000000001,1.2541077419273123e-32,1.1443721008160599e-32
0.9460000000000001,1.667429900865647e-32,3.040712780783431e-33
0.9470000000000001,1.572073519771126e-32,-6.259446202978272e-33
0.9480000000000001,9.987428376472203e-33,-1.3624266511967993e-32
0.9490000000000001,1.2346002748855054e-33,-1.681949696450364e-32
0.9500000000000001,-7.864718218185481e-33,-1.4886888054984098e-32
0.9510000000000001,-1.4540974369506966e-32,-8.431485950843852e-33
0.9520000000000001,-1.6771030538422452e-32,5.67650594999664e-34
0.9530000000000001,-1.389120478490445e-32,9.364136505016045e-33
0.9540000000000001,-6.794667167865963e-33,1.5282381020182657e-32
0.9550000000000001,2.3454814412018424e-33,1.65313806160465e-32
0.9560000000000001,1.0741618400548098e-32,1.2746674732711148e-32
0.9570000000000001,1.5841757661648025e-32,5.09648295122884e-33
0.9580000000000001,1.6105188315832734e-32,-4.078817516787632e-33
0.9590000000000001,1.1467859075399517e-32,-1.1982634802701874e-32
0.96,3.356951395312273e-33,-1.6214522752757942e-32
0.961,-5.748292325133356e-33,-1.549918045391063e-32
0.962,-1.3074360756181308e-32,-1.0070708771039519e-32
0.963,-1.6398273007566075e-32,-1.5963639443212745e-33
0.964,-1.2915142523087444e-32,-1.0185651493864169e-32
0.965,-1.6324426482204834e-32,-1.7779696684914402e-33
0.966,-1.4755780251967776e-32,7.142667200143075e-33
0.967,-8.703018207763525e-33,1.3860514970059178e-32
0.968,-2.2570161654316097e-35,1.6339049039531886e-32
0.969,8.635858031912718e-33,1.3838301450340305e-32
0.97,1.463807754276125e-32,7.135675951801354e-33
0.971,1.6166797204322378e-32,-1.7156207686847128e-33
0.972,1.2771802318658563e-32,-1.0015497481266671e-32
0.973,5.5023797805015544e-33,-1.5240613695149606e-32
0.974,-3.416909640598954e-33,-1.5811498967641184e-32
0.975,-1.1266948356543293e-32,-1.1569953993573109e-32
0.976,-1.566297895582293e-32,-3.8224518790232765e-33
0.977,-1.527903615562467e-32,5.0622206564050906e-33
0.978,-1.0247838403951856e-32,1.2377184096577497e-32
0.979,-2.1155550988017208e-33,1.5902139103520388e-32
0.98,6.63330756210716e-33,1.4577256773723747e-32
0.981,1.3334921617178072e-32,8.821761871216965e-33
0.982,1.5957183846021858e-32,4.014648532825702e-34
0.983,1.3715865752887723e-32,-8.1129539184616e-33
0.984,7.309056571563428e-33,-1.4130732910639382e-32
0.985,-1.3001580030698759e-33,-1.5829316089868194e-32
0.986,-9.485159610195441e-33,-1.2706295561187725e-32
0.987,-1.475713433429649e-32,-5.7278722498012675e-33
0.988,-1.552181716640663e-32,2.9699907266491217e-33
0.989,-1.1561558359921558e-32,1.0735311598811616e-32
0.99,-4.096960662193076e-33,1.5208652789697642e-32
0.991,4.5892661481444885e-33,1.5039988650809983e-32
0.992,1.1850337124332148e-32,1.0296081577452214e-32
0.993,1.5481868266015546e-32,2.4354552841042885e-33
0.994,1.4391071671887878e-32,-6.13998162286642e-33
0.995,8.925528944901084e-33,-1.2818837779766962e-32
0.996,7.62648847167148e-34,-1.5575432496674657e-32
0.997,-7.605097164701818e-33,-1.3584144858818707e-32
0.998,-1.363120311637381e-32,-7.466609183625582e-33
0.999,-1.5490063753657103e-32,9.022287300545582e-34
1.0,-1.263000230367222e-32,8.968720606973533e-33
1.0010000000000001,1.0382223398135493e-32,1.1461493215940601e-32
1.002,2.540229483922231e-33,1.522851807641376e-32
1.0030000000000001,1.479651527385578e-32,-4.316300736136837e-33
1.004,1.4758555676583754e-32,4.354512364693264e-33
1.0050000000000001,2.574138458415267e-33,-1.514472228018741e-32
1.006,1.0330964478169999e-32,-1.133466607148711e-32
1.0070000000000001,-1.245619274784915e-32,-8.903035317150957e-33
1.008,-5.662493084368525e-33,-1.4197776093665443e-32
1.0090000000000001,-1.3406052229613232e-32,7.289782703862e-33
1.01,-1.5194203608011506e-32,-1.1065381412901035e-33
1.0110000000000001,6.9710730603731794e-34,1.5193088948322038e-32
1.012,-7.608884676026041e-33,1.3139673321729514e-32
1.0130000000000001,1.3924138003642492e-32,5.991436732837318e-33
1.014,8.46610656402037e-33,1.254349705104547e-32
1.0150000000000001,1.3808560526732224e-32,6.129912296503232e-33
1.016,1.4932084553761871e-32,-2.127309465128088e-33
1.0170000000000001,1.150889453887198e-32,-9.709834961004504e-33
1.018,4.595600958040974e-33,-1.431298268681918e-32
1.0190000000000001,-3.692863942020944e-33,-1.454619405373545e-32
1.02,-1.0830220349554518e-32,-1.0353058449298927e-32
1.0210000000000001,-1.4648811527341906e-32,-3.0240359887252187e-33
1.022,-1.3997903764515757e-32,5.200637431401878e-33
1.0230000000000001,-9.090404413059291e-33,1.1815685820784724e-32
1.024,-1.4335485133489692e-33,1.4813886599547398e-32
1.025,-9.194318164374153e-33,1.1671918690425797e-32
1.026,1.2656311574346262e-32,7.73642537927386e-33
1.027,6.459833589949619e-33,1.3325645313775988e-32
1.028,1.2447339183465262e-32,-7.977231957687321e-33
1.029,1.4759572429144055e-32,1.1923329722781722e-35
1.03,-1.7309103958493905e-33,-1.4632980836590485e-32
1.031,6.438289721956055e-33,-1.3226718238960432e-32
1.032,-1.3872210533135233e-32,-4.820715736883234e-33
1.033,-9.053920832881383e-33,-1.1531969243685715e-32
1.034,-1.0362922646735963e-32,1.0337034949225041e-32
1.035,-1.4281238442089732e-32,3.0947902381942264e-33
1.036,4.754202527941494e-33,1.379197120394567e-32
1.037,-3.444822501770733e-33,1.4150826381746643e-32
1.038,4.5807739401154886e-33,1.3799396155713982e-32
1.039,1.1185996673849757e-32,9.250772201822796e-33
1.04,1.4365982714385734e-32,1.9028067379582177e-33
1.041,1.316464350810518e-32,-5.999621022231213e-33
1.042,7.962057639448817e-33,-1.2050411325764428e-32
1.043,3.5438828488321636e-34,-1.4414818265967776e-32
1.044,-7.335784378466642e-33,-1.238575617857825e-32
1.045,-1.2768508203026662e-32,-6.595172564172705e-33
1.046,-1.4298429844571451e-32,1.1826732318911013e-33
1.047,-1.147306975319957e-32,8.574816540250444e-33
1.048,-5.1665160705279626e-33,1.3333536506317762e-32
1.049,2.6909246894360596e-33,1.4019791587548862e-32
1.05,9.703523846129992e-33,1.0438346084428561e-32
1.051,1.3740561934046233e-32,3.693030026703424e-33
1.052,1.358370229220905e-32,-4.153415878663067e-33
1.053,9.294624680585843e-33,-1.0710104748386562e-32
1.054,2.1920000557119026e-33,-1.398650499897739e-32
1.055,-5.553888213713528e-33,-1.2996712417658796e-32
1.056,-1.1584270833868983e-32,-8.056060972481393e-33
1.057,-1.4070157766078988e-32,-6.808545682678299e-34
1.058,-1.2267031794326856e-32,6.876953659524399e-33
1.059,-6.737753436128148e-33,1.2317349347969894e-32
1.06,8.230358365112476e-34,1.399217903500872e-32
1.061,-6.855371297730147e-33,1.2198712029961527e-32
1.062,1.2902366234108168e-32,5.355561658132327e-33
1.063,7.950682905774708e-33,1.1458198336043324e-32
1.064,1.0420055857940926e-32,-9.234654163027057e-33
1.065,1.3734657384564502e-32,-2.1378671382945382e-33
1.066,-3.7410408228246676e-33,-1.3363118554718913e-32
1.067,4.0646721868750744e-33,-1.3244090689130932e-32
1.068,-1.360916842949766e-32,-2.4656316795383704e-33
1.069,-1.0103174530751052e-32,-9.411593994047708e-33
1.07,-8.137045736407776e-33,1.1126826786528303e-32
1.071,-1.2837264881596002e-32,4.958838560633782e-33
1.072,6.431588692375902e-33,1.2140423491147263e-32
1.073,-1.1448774143702716e-33,1.3668077215983602e-32
1.074,1.3684724475244452e-32,-4.7890378909753025e-34
1.075,1.1754809515267101e-32,6.978647658080459e-33
1.076,5.530182532150818e-33,-1.2476869179567015e-32
1.077,1.1375401477400675e-32,-7.499040444078758e-33
1.078,-8.777152275739761e-33,-1.0391304532665238e-32
1.079,-1.7690280262604345e-33,-1.3463745881651957e-32
1.08,-1.3138107000960633e-32,3.343412632032027e-33
1.081,-1.2840594768125785e-32,-4.277356890012638e-33
1.082,-2.7241145288057088e-33,1.323428440312529e-32
1.083,-9.426547978489841e-33,9.6488202920467e-33
1.084,1.0678178529365839e-32,8.205517721547952e-33
1.085,4.544999136992779e-33,1.265280576155162e-32
1.086,1.2006427972203269e-32,-5.99955827500276e-33
1.087,1.332248854048221e-32,1.435553637160135e-33
1.088,-1.499431597265187e-34,-1.3376454321356576e-32
1.089,7.088738643908683e-33,-1.131840465632991e-32
1.09,-1.2057247901300354e-32,-5.690847096607738e-33
1.091,-7.059861665328963e-33,-1.1284049102472856e-32
1.092,-1.0352600242969898e-32,8.330995793609158e-33
1.093,-1.3190592155740486e-32,1.4150883824463611e-33
1.094,2.960289947266512e-33,1.290911342097343e-32
1.095,-4.475707807565942e-33,1.2441577224467518e-32
1.096,1.286214746054972e-32,2.9678591168458498e-33
1.097,9.204723080578879e-33,9.430602043502234e-33
1.098,8.261973220437669e-33,-1.0238411344012153e-32
1.099,1.2463041698732148e-32,-4.1451018784698814e-33
1.1,-5.5807227332214186e-33,-1.1865527301239984e-32
1.101,1.711420519262138e-33,-1.2978215630628025e-32
1.102,-1.3067739915712794e-32,-1.6418120151976711e-34
1.103,-1.0889628651114493e-32,-7.18612610066256e-33
1.104,-5.838017527098099e-33,1.1643689353183784e-32
1.105,-1.1184630319197706e-32,6.63305435070974e-33
1.106,7.896151048783437e-33,1.030443874380011e-32
1.107,1.0757525328701716e-33,1.2915594530485875e-32
1.108,1.2676567595612401e-32,-2.5914266906179044e-33
1.109,1.2047266391925457e-32,4.6601634750741215e-33
1.11,3.1972732156723106e-33,-1.2493035735261257e-32
1.111,9.424248771195455e-33,-8.770896620376328e-33
1.112,3.3289077717084245e-33,-1.2414181471871112e-32
1.113,-3.7589445755560404e-33,-1.2268420268099633e-32
1.114,-9.67957927027791e-33,-8.390568893240126e-33
1.115,-1.2635571676386957e-32,-1.9728542539053754e-33
1.116,-1.1737448871850279e-32,5.023729789050499e-33
1.117,-7.271283674528245e-33,1.0468598446224963e-32
1.118,-6.077471617978985e-34,1.2710354870325572e-32
1.119,6.218517075776316e-33,1.1077620678619748e-32
1.12,1.1130127607046392e-32,6.08003652159649e-33
1.121,1.2639135166900366e-32,-7.507224545813247e-34
1.122,1.0297758603676584e-32,-7.33034844109485e-33
1.123,4.8311574952995765e-33,-1.1657875091564389e-32
1.124,-2.0870955293649264e-33,-1.242417924519737e-32
1.125,-8.347342876536148e-33,-9.407969565881422e-33
1.1260000000000001,-1.2047140749791335e-32,-3.539492709074581e-33
1.127,-1.2069373902893724e-32,3.3863193446815606e-33
1.1280000000000001,-8.419516205907053e-33,9.25882142431206e-33
1.129,-2.2202295270748295e-33,1.2294853822238875e-32
1.1300000000000001,4.633915515637343e-33,1.1580165515999314e-32
1.131,1.0055417259922254e-32,7.344676672853203e-33
1.1320000000000001,1.2399591821024356e-32,8.887196016678143e-34
1.133,1.0963482277526965e-32,-5.8161397401220786e-33
1.1340000000000001,6.19659420038934e-33,-1.0729169683859314e-32
1.135,1.099261579646425e-32,-5.671366863797695e-33
1.1360000000000001,-6.920131569699802e-33,-1.022764027512983e-32
1.137,-2.9722250733692658e-34,-1.2324651803358669e-32
1.1380000000000001,-1.2182674307055758e-32,1.7498729961439786e-33
1.139,-1.1178448448299523e-32,-5.100765398741039e-33
1.1400000000000001,-3.736639421655655e-33,1.1683776328480779e-32
1.141,-9.440888186910479e-33,7.800127673683816e-33
1.1420000000000001,8.847211541430782e-33,8.438017172765043e-33
1.143,2.881406992070794e-33,1.1860580289840989e-32
1.1440000000000001,1.1417500861797682e-32,-4.256851609414196e-33
1.145,1.1887788281751269e-32,2.5819549939007944e-33
1.1460000000000001,1.1559178921256762e-33,-1.2089557072445469e-32
1.147,7.491690715006011e-33,-9.532957567802039e-33
1.1480000000000001,-1.033486314167615e-32,-6.301120562579981e-33
1.149,-5.283733564098531e-33,-1.0867755554711132e-32
1.1500000000000001,-1.014963249805528e-32,6.521117121461513e-33
1.151,-1.2043905760307242e-32,4.085462045847602e-36
1.1520000000000001,1.4261291518866915e-33,1.1938975011464102e-32
1.153,-5.241300621493654e-33,1.0799103151337385e-32
1.154,1.2851262664964286e-33,1.1914730587608191e-32
1.155,7.398844547983599e-33,9.401677667482243e-33
1.156,1.1241174504688944e-32,4.036597435973434e-33
1.157,1.1650674635516714e-32,-2.5387335879416163e-33
1.158,1.1156995366741766e-32,4.1511066578491186e-33
1.159,2.7977494695286814e-33,-1.1550378737028574e-32
1.16,8.580179548715201e-33,-8.194458997357353e-33
1.161,-9.136495294321861e-33,-7.538212352166032e-33
1.162,-3.609751134689648e-33,-1.1260683804704585e-32
1.163,-1.0736807929638127e-32,4.908046807560988e-33
1.164,-1.166716728740779e-32,-1.667749676787062e-33
1.165,-2.7569056881311972e-34,1.1762904960166286e-32
1.166,-6.576030943143694e-33,9.73329597651759e-33
1.167,1.0425348012240825e-32,5.3697467930638364e-33
1.168,5.862094161970275e-33,1.013411417563208e-32
1.169,9.354063791876524e-33,-7.007837604856893e-33
1.17,1.1638067015807754e-32,-8.420751483531023e-34
1.171,-2.2089323010303654e-33,-1.1437710541492253e-32
1.172,4.313308020679684e-33,-1.0800203515106535e-32
1.173,-1.1215832949113158e-32,-3.0006722217447956e-33
1.174,-7.803959644864564e-33,-8.570214386425081e-33
1.175,-7.574441657979162e-33,8.748205836867315e-33
1.176,-1.1081692713930126e-32,3.264009379617871e-33
1.177,4.5441691306324374e-33,1.0600192415926647e-32
1.178,-1.899757807027286e-33,1.1356136325929008e-32
1.179,1.1481965615033689e-32,5.424115053264183e-34
1.18,9.353421186480313e-33,6.648575598678382e-33
1.181,5.486515876083207e-33,-1.0057333289979133e-32
1.182,1.0033719737247255e-32,-5.4899453489623564e-33
1.183,-6.627062146670676e-33,-9.298481319122177e-33
1.184,-5.521653601818476e-34,-1.1385997780403534e-32
1.185,-1.1222058302648505e-32,1.8917737281850674e-33
1.186,-1.044797231505501e-32,-4.463438391644568e-33
1.187,-3.191090168331136e-33,1.0884382984143623e-32
1.188,-8.551413721575859e-33,7.42280566117553e-33
1.189,8.368137454119835e-33,7.600808634857781e-33
1.19,2.9304934642093734e-33,1.0898850408364583e-32
1.191,1.0458315525423275e-32,-4.191956536651358e-33
1.192,1.1046976955447678e-32,2.119128356500221e-33
1.193,7.963834706377191e-34,-1.1201389452853004e-32
1.194,6.710605755801117e-33,-8.980727772856454e-33
1.195,-9.695196170093629e-33,-5.592013707564046e-33
1.196,-5.128813543887563e-33,-9.92702647917566e-33
1.197,-9.235353823342752e-33,6.256464423131479e-33
1.198,-1.113307943544735e-32,2.7487533877542657e-34
1.199,1.5870252214516488e-33,1.1004074244318525e-32
1.2,-4.6018854049376044e-33,1.0100475634087104e-32
1.201,1.055624697153365e-32,3.369367052469545e-33
1.202,7.050984108347403e-33,8.524200784033615e-33
1.203,7.617734369933942e-33,-7.996327293027188e-33
1.204,1.0712530677959476e-32,-2.6090074785748583e-33
1.205,-3.851258949809434e-33,-1.0311570938439062e-32
1.206,2.326199738439723e-33,-1.0739938961299574e-32
1.207,-1.0921464050747365e-32,-1.0379124498611756e-33
1.208,-8.61529229288992e-33,-6.762533579164003e-33
1.209,-1.0872569695904901e-32,-1.158950033765198e-33
1.21,-9.814437245420717e-33,4.778587887768437e-33
1.211,-5.773856803915172e-33,9.24251729268414e-33
1.212,9.930266118338938e-36,1.0879624851700207e-32
1.213,5.771448933099482e-33,9.201239870012156e-33
1.214,9.757874280218585e-33,4.729031685172281e-33
1.215,1.0762273297555446e-32,-1.167066525815105e-33
1.216,8.488988625356957e-33,-6.688472522257129e-33
1.217,3.6405575689779565e-33,-1.0156586664239229e-32
1.218,-2.299351405153764e-33,-1.0523094039318662e-32
1.219,-7.519933154561923e-33,-7.686808993300763e-33
1.22,-1.0435258440468629e-32,-2.5213082682250675e-33
1.221,-1.0166032714854306e-32,3.394091995247367e-33
1.222,-6.804763391601069e-33,8.257179945848013e-33
1.223,-1.3843812097963991e-33,1.0591899265370443e-32
1.224,4.439150754245958e-33,9.696342903570313e-33
1.225,8.892724801459976e-33,5.853726854104084e-33
1.226,1.0625933215997884e-32,2.429455271692886e-34
1.227,9.120513072269412e-33,-5.4230786938083036e-33
1.228,4.845254661037364e-33,-9.42031642311085e-33
1.229,-8.899091549663013e-34,-1.0538191298141139e-32
1.23,-6.335239371293503e-33,-8.446180135136351e-33
1.231,-9.834999444778107e-33,-3.7914435122874366e-33
1.232,-6.217414991933405e-33,-8.489775291095935e-33
1.233,-7.682030748922092e-33,7.165922362126906e-33
1.234,-1.0318659897455895e-32,1.876707214375122e-33
1.235,3.0788032857515886e-33,1.0007581969857765e-32
1.236,-2.811179076919921e-33,1.0067927859371136e-32
1.237,1.0312544562398985e-32,1.5980333311468153e-33
1.238,7.801634283580479e-33,6.904664011058699e-33
1.239,5.923610000596658e-33,-8.549241479945306e-33
1.24,9.587519327771103e-33,-3.987250076048124e-33
1.241,-5.0847137712689174e-33,-9.033580607261797e-33
1.242,6.006818350302109e-34,-1.0331576392347136e-32
1.243,-1.0312903121771002e-32,6.2442400623086175e-34
1.244,-9.000636970927384e-33,-5.0377756046996384e-33
1.245,-3.9313400705745786e-33,9.517413991299445e-33
1.246,-8.436009656157399e-33,5.875157700491187e-33
1.247,6.820284873680574e-33,7.66914327178927e-33
1.248,1.5932888489212702e-33,1.012141060521635e-32
1.249,9.845507787190965e-33,-2.7745526818528086e-33
1.25,9.767669497129962e-33,2.979363274943794e-33
1.2510000000000001,1.800211865572499e-33,-1.0034748409273366e-32
1.252,6.924682036117005e-33,-7.459211581802518e-33
1.2530000000000001,-8.212151990352875e-33,-5.983885840208425e-33
1.254,-3.671551603123464e-33,-9.456344822778924e-33
1.2550000000000001,-8.940819651636518e-33,4.75626475544948e-33
1.256,-1.0076496306941872e-32,-8.26579753316188e-34
1.2570000000000001,3.7036666830367218e-34,1.0086707969236069e-32
1.258,-5.129208348025184e-33,8.673582884234498e-33
1.2590000000000001,9.20399209845768e-33,4.0605966558388636e-33
1.26,5.542136968580891e-33,8.375551054162723e-33
1.2610000000000001,7.648530268124152e-33,-6.483013573276801e-33
1.262,9.922183489575267e-33,-1.3210657298057376e-33
1.2630000000000001,-2.48116670509309e-33,-9.68015105938485e-33
1.264,3.1366496533202066e-33,-9.470513405533763e-33
1.2650000000000001,-9.758740867488909e-33,-1.9912207902031678e-33
1.266,-7.124315913724377e-33,-6.936281198055196e-33
1.2670000000000001,-6.034927076257223e-33,7.881530204037436e-33
1.268,-9.32090075783058e-33,3.36626739708806e-33
1.2690000000000001,4.4376355643755365e-33,8.842596502764219e-33
1.27,-1.0412819763415186e-33,9.822123851179283e-33
1.2710000000000001,9.859892382546247e-33,-1.2749148628632265e-34
1.272,8.35203876397283e-33,5.2109123488764966e-33
1.2730000000000001,4.179558282223883e-33,-8.894883670780813e-33
1.274,8.308770183073463e-33,-5.218292644342458e-33
1.2750000000000001,-6.154092600716784e-33,-7.620566323490141e-33
1.276,-1.0598224969660004e-33,-9.72128468475284e-33
1.2770000000000001,-9.511840694320966e-33,2.1984680097465296e-33
1.278,-9.176640246470284e-33,-3.283364599117767e-33
1.2790000000000001,-2.1713623300043648e-33,9.484739570195545e-33
1.28,-6.93983277774936e-33,6.796967104871652e-33
1.281,-9.496141733220242e-33,1.9670595216031915e-33
1.282,3.0712535435047715e-33,9.18152861883133e-33
1.283,-2.371982626613935e-33,9.369890134542677e-33
1.284,9.568702493256803e-33,1.24506623559014e-33
1.285,7.367109940477768e-33,6.206939474560636e-33
1.286,5.283242619874929e-33,-8.036101930198807e-33
1.287,8.772781794193887e-33,-3.901550254293826e-33
1.288,-4.9035573715560604e-33,-8.236027692208491e-33
1.289,3.227039325430673e-34,-9.563845582156609e-33
1.29,-9.519008178988072e-33,8.093417077057379e-34
1.291,-8.433424427781635e-33,-4.4542325680360736e-33
1.292,-3.4198310770640594e-33,8.886218886033241e-33
1.293,-7.665851508033535e-33,5.6207787730469165e-33
1.294,6.47717589626202e-33,6.935699851043686e-33
1.295,1.7006327202194216e-33,9.320187533757931e-33
1.296,9.038558579716715e-33,-2.786361556887367e-33
1.297,9.09612236024457e-33,2.534207674406643e-33
1.298,1.4382094342625884e-33,-9.316463569594223e-33
1.299,6.23315144411998e-33,-7.051031100129492e-33
1.3,-7.725859187574572e-33,-5.346548147858073e-33
1.301,-3.606771589344046e-33,-8.658632547786975e-33
1.302,-8.157674249473816e-33,4.597856991133573e-33
1.303,-9.333138890420078e-33,-5.372615853066901e-34
1.304,5.694041673529821e-34,9.315636049654395e-33
1.305,-4.546113092392684e-33,8.133159549684025e-33
1.306,4.612273567556913e-34,9.290521774669457e-33
1.307,5.311579480394263e-33,7.617460689836062e-33
1.308,8.529782295753897e-33,3.632411671283665e-33
1.309,9.142153073507648e-33,-1.4445100853745379e-33
1.31,6.971054224383376e-33,-6.065055538989965e-33
1.311,2.6862891426753158e-33,-8.824976968211068e-33
1.312,-2.401500574161511e-33,-8.890780647000108e-33
1.313,-6.741720613347498e-33,-6.25141173937491e-33
1.314,-9.016379195738206e-33,-1.7188807517526064e-33
1.315,-8.540302179479347e-33,3.3215235822971016e-33
1.316,-5.467486294678636e-33,7.334605798502888e-33
1.317,-7.4145420912764594e-34,9.102834312625984e-33
1.318,4.194432567877073e-33,8.095709194376388e-33
1.319,7.837768999841673e-33,4.6288765159545574e-33
1.32,9.084398517962039e-33,-2.347203989156758e-34
1.321,7.563019125302862e-33,-5.010720385828286e-33
1.322,3.745710474406022e-33,-8.246352624692982e-33
1.323,-1.1984994329124212e-33,-8.96232618506036e-33
1.324,-5.7616215770905576e-33,-6.949196338543531e-33
1.325,-8.556628305780059e-33,-2.8285246712408482e-33
1.326,-8.739043603970946e-33,2.138991795819587e-33
1.327,-6.262063119479746e-33,6.439205163732996e-33
1.328,-1.888139558563011e-33,8.766028274445703e-33
1.329,-6.314254801825965e-33,6.345937871839175e-33
1.33,7.036456983974289e-33,5.5102017400855256e-33
1.331,2.9393382570944058e-33,8.424282588597551e-33
1.332,8.004163554066807e-33,-3.90854106761221e-33
1.333,8.832386407077591e-33,1.0335571499309536e-33
1.334,-1.82864871732321e-35,-8.877826132489905e-33
1.335,4.7729693712690015e-33,-7.468106290023972e-33
1.336,-7.966906990747708e-33,-3.8497832333938224e-33
1.337,-4.616568366944664e-33,-7.531214652274273e-33
1.338,-6.92080232887166e-33,5.465777113442956e-33
1.339,-8.762165531882648e-33,8.589938076105875e-34
1.34,1.8861333753404838e-33,8.584752073385221e-33
1.341,-3.045723063394435e-33,8.229334650412964e-33
1.342,8.5175898674816e-33,2.047634403743245e-33
1.343,6.05120036627915e-33,6.314248700762066e-33
1.344,5.544996699257569e-33,-6.744274809997962e-33
1.345,8.295922795373923e-33,-2.6751096586753528e-33
1.346,-3.631447910035365e-33,-7.908115616345733e-33
1.347,1.2145382562115976e-33,-8.602244158273869e-33
1.348,-8.671049014430276e-33,-1.8829904620611859e-34
1.349,-7.182969579514633e-33,-4.8349944338308676e-33
1.35,-3.944937793505415e-33,7.69156665447342e-33
1.351,-7.462646624463914e-33,4.3339330920058264e-33
1.352,5.177496795178878e-33,6.886200985066423e-33
1.353,6.354726424098574e-34,8.577610547903687e-33
1.354,8.428189773341181e-33,-1.6427594003490162e-33
1.355,7.96654114223878e-33,3.165737813023354e-33
1.356,2.197637582736759e-33,-8.271246074570417e-33
1.357,6.307398418714387e-33,-5.7633419533586614e-33
1.358,-6.458103947310026e-33,-5.572194586256522e-33
1.359,-2.420028696556412e-33,-8.164422969976756e-33
1.36,-7.807874774432346e-33,3.363052299733976e-33
1.361,-8.373270556217292e-33,-1.38595109216449e-33
1.362,-3.852613006906472e-34,8.464300638757991e-33
1.363,-4.8889505022111734e-33,6.903047413589478e-33
1.364,7.420442897587164e-33,4.031477631006551e-33
1.365,4.0594865813289534e-33,7.389115634386308e-33
1.366,6.845712834384813e-33,-4.8967482260716494e-33
1.367,8.392172383308242e-33,-4.2145398392424835e-34
1.368,-1.4087012423062831e-33,-8.269629947393551e-33
1.369,3.276848981399439e-33,-7.70709408261862e-33
1.37,-8.02716842218731e-33,-2.3384192644927908e-33
1.371,-5.48236101416932e-33,-6.294023438334978e-33
1.372,-5.592112304237077e-33,6.177980513821865e-33
1.373,-8.030068822594726e-33,2.1739547888803966e-33
1.374,3.1032486091295155e-33,7.703740859894764e-33
1.375,-1.5480461120319183e-33,8.145660517644078e-33
1.3760000000000001,8.257803804112528e-33,5.7282554379654476e-34
1.377,6.628405464952744e-33,4.9351469915436294e-33
1.3780000000000001,4.109701723413177e-33,-7.15363735732191e-33
1.379,7.31092767134731e-33,-3.7931529640502856e-33
1.3800000000000001,4.17734455140519e-33,-7.082493643108847e-33
1.381,-2.1673655982549927e-34,-8.20609231578806e-33
1.3820000000000001,-4.5302546389727e-33,-6.829309599641071e-33
1.383,-7.451122124788332e-33,-3.3793420818126855e-33
1.3840000000000001,-8.095321341162304e-33,1.0872842773470246e-33
1.385,-6.274435748197985e-33,5.208248548637624e-33
1.3860000000000001,-2.550659456885903e-33,7.730928421035368e-33
1.387,1.9367440001713794e-33,7.893136130598279e-33
1.3880000000000001,5.8199744516714014e-33,5.6533763345997705e-33
1.389,7.919598594092819e-33,1.7010724509526664e-33
1.3900000000000001,7.602756920783618e-33,-2.755617607056243e-33
1.391,4.973887620481935e-33,-6.359100688393578e-33
1.3920000000000001,8.404984710148141e-34,-8.015883268708297e-33
1.393,-3.5348510344647985e-33,-7.228379821238372e-33
1.3940000000000001,-6.820188296917476e-33,-4.244316443759708e-33
1.395,-8.019601317898092e-33,2.1118192437149316e-35
1.3960000000000001,-6.775119149475134e-33,4.265933331415441e-33
1.397,-3.4734989514428146e-33,7.198744289193458e-33
1.3980000000000001,8.739202800707344e-34,7.931631303687635e-33
1.399,4.9409885218214596e-33,6.248939846302126e-33
1.4000000000000001,7.49126358599618e-33,2.6706547480642607e-33
1.401,7.753890892487186e-33,-1.7082493502631368e-33
1.4020000000000001,5.656580842357194e-33,-5.5528592960494376e-33
1.403,7.747064207287365e-33,-1.6140200906921198e-33
1.4040000000000001,-2.5147541811933745e-33,-7.489304600005925e-33
1.405,1.926781020645428e-33,-7.648103533973314e-33
1.4060000000000001,-7.809280749147696e-33,-1.0070247819174823e-33
1.407,-6.017413086849867e-33,-5.058002106874483e-33
1.408,-7.771298431140883e-33,-1.0926727283164503e-33
1.409,-7.154987720636886e-33,3.191898407138477e-33
1.41,-4.3638763861197745e-33,6.491100165695751e-33
1.411,-2.5437647071215987e-34,7.804454150675394e-33
1.412,3.918840058111579e-33,6.738990694019031e-33
1.413,6.885891206379246e-33,3.626785284884913e-33
1.414,7.748087681131575e-33,-5.784857112674004e-34
1.415,6.250117146320923e-33,-4.593762517209398e-33
1.416,2.8555800745999946e-33,-7.198059414731937e-33
1.417,-1.3964496203214436e-33,-7.603733960725755e-33
1.418,-5.209470112285342e-33,-5.694679244747334e-33
1.419,-7.424859324105462e-33,-2.0594138241462592e-33
1.42,-7.373918206707086e-33,2.1903154926414586e-33
1.421,-5.079687072260619e-33,5.759515499419317e-33
1.422,-1.2476337921526694e-33,7.56454840724147e-33
1.423,2.9512505051700778e-33,7.062117202768872e-33
1.424,6.23826589963735e-33,4.4127615692962315e-33
1.425,7.616397011125251e-33,4.296726707323821e-34
1.426,6.672710096791743e-33,-3.670886069356573e-33
1.427,3.702041360609993e-33,-6.640959367405376e-33
1.428,6.691935767011654e-33,-3.582328367999247e-33
1.429,-4.341408851373964e-33,-6.210919375594661e-33
1.43,-2.972958340857196e-34,-7.559356651774043e-33
1.431,-7.458696564888106e-33,1.187285461014201e-33
1.432,-6.90640812607927e-33,-3.0254760317572906e-33
1.433,-2.1837669548201975e-33,7.203745498605792e-33
1.434,-5.7199801243601986e-33,4.874018176475879e-33
1.435,5.507133484018006e-33,5.094877091248089e-33
1.436,1.8785656757155703e-33,7.250515441648634e-33
1.437,6.96582594507626e-33,-2.7183757604352362e-33
1.438,7.318155250444431e-33,1.4733762435979651e-33
1.439,5.965105721194902e-34,-7.428658297155133e-33
1.44,4.507837980723972e-33,-5.919067321146907e-33
1.441,-6.399996474252342e-33,-3.7698532681358095e-33
1.442,-3.3433210063333595e-33,-6.618939002839683e-33
1.443,-6.166776355198919e-33,4.0958551708581025e-33
1.444,-7.389830704303523e-33,1.1481561387706428e-34
1.445,9.863710588232107e-34,7.312187072681431e-33
1.446,-3.115242650653125e-33,6.674960896356374e-33
1.447,6.984904604479351e-33,2.3000831252557138e-33
1.448,4.627434269303419e-33,5.699663381100137e-33
1.449,5.1038518322700124e-33,-5.260289135438204e-33
1.45,7.124917482436458e-33,-1.6663516468855313e-33
1.451,-2.4931721889064292e-33,-6.866374291430578e-33
1.452,1.6089291928575313e-33,-7.113140641072997e-33
1.453,-7.241426993526305e-33,-7.550949795828371e-34
1.454,-5.676240828524984e-33,-4.5400795999558914e-33
1.455,-3.8304869146346284e-33,6.163082761401052e-33
1.456,-6.542095756661015e-33,3.111587009405864e-33
1.457,3.85705760653288e-33,6.117961411150732e-33
1.458,-5.946896496850738e-35,7.220023852787258e-33
1.459,7.164431415597219e-33,-7.935480553102751e-34
1.46,6.446830931511072e-33,3.197539572570959e-33
1.461,2.4086026935048478e-33,-6.768470225578379e-33
1.462,5.6740947031839674e-33,-4.3870772349643125e-33
1.463,-5.0189975384033874e-33,-5.1068849495892654e-33
1.464,-1.4620071389088027e-33,-6.997322901738378e-33
1.465,-6.764014141225327e-33,2.2755341411436873e-33
1.466,-6.909763140029152e-33,-1.7365576386846592e-33
1.467,-9.056303064030268e-34,7.054882918312669e-33
1.468,-4.565929865789106e-33,5.438333015879117e-33
1.469,5.9302904158878596e-33,3.884203864391768e-33
1.47,2.8870459444513452e-33,6.461664702787469e-33
1.471,6.064740471525803e-33,-3.6249669660307755e-33
1.472,7.05013297052383e-33,2.2574265944963014e-34
1.473,-6.086565414769541e-34,-7.015646574694921e-33
1.474,3.272618167327556e-33,-6.22211426858887e-33
1.475,-6.554567246471996e-33,-2.5095635098961275e-33
1.476,-4.1529237021074705e-33,-5.643541265744733e-33
1.477,-5.1042440608785557e-33,4.7832670708375826e-33
1.478,-6.867961043311353e-33,1.265394848170579e-33
1.479,2.065352583938186e-33,6.658989061346401e-33
1.48,-1.8564845495447467e-33,6.708168559350337e-33
1.481,6.869196945934004e-33,1.048320370700961e-33
1.482,5.205377503399965e-33,4.5856521679907686e-33
1.483,3.931261253289493e-33,-5.7016838659753196e-33
1.484,6.377896610477311e-33,-2.6696132490718607e-33
1.485,-3.3995290297792735e-33,-6.0073721155059185e-33
1.486,3.8419048622034408e-34,-6.880346045555063e-33
1.487,-6.866040753491541e-33,4.315353017982469e-34
1.488,-6.0008988659537355e-33,-3.340726168106992e-33
1.489,-2.6032007735503007e-33,6.343312113714682e-33
1.49,-5.608263465525603e-33,3.924944640574903e-33
1.491,4.5530997005772386e-33,5.096190732366196e-33
1.492,1.076375349853316e-33,6.737052709770646e-33
1.493,6.551534402069468e-33,-1.8625153727823472e-33
1.494,6.508494130211072e-33,1.9689310759994875e-33
1.495,1.1833682016410335e-33,-6.684531229714756e-33
1.496,4.599504529729596e-33,-4.977401010234556e-33
1.497,-5.477320065071413e-33,-3.971911711990206e-33
1.498,-2.4592005111886945e-33,-6.291034432535921e-33
1.499,-5.946107628156031e-33,3.18068483898627e-33
1.5,-6.710842382011562e-33,-5.349975091986403e-34
1.5010000000000001,2.620220485459152e-34,6.715813552483024e-33
1.502,-3.402107568735719e-33,5.783264876287468e-33
1.5030000000000001,6.134813094348857e-33,2.6897468983119674e-33
1.504,3.7031056508801355e-33,5.568514947674926e-33
1.5050000000000001,5.082980471218742e-33,-4.328491275503023e-33
1.506,6.604810312675563e-33,-8.948073457843357e-34
1.5070000000000001,-1.666907515289342e-33,-6.441877416579602e-33
1.508,2.074116393872638e-33,-6.310868745408719e-33
1.5090000000000001,-6.501039423748784e-33,-1.3109758553256066e-33
1.51,-4.754423640173305e-33,-4.6077395725738606e-33
1.5110000000000001,-4.0064032975056253e-33,5.2572487708061596e-33
1.512,-6.201313398349537e-33,2.255715740402788e-33
1.5130000000000001,2.9683709756321127e-33,5.881191060610437e-33
1.514,-6.783486368076617e-34,6.541792801691095e-33
1.5150000000000001,-4.0982514433252924e-33,5.1298733948728276e-33
1.516,5.569284915602873e-33,3.457002529694681e-33
1.5170000000000001,2.8141806833865643e-33,5.908062329099027e-33
1.518,5.5245426386381056e-33,-3.487367246308194e-33
1.5190000000000001,6.522098300586472e-33,4.997955546841699e-35
1.52,-7.205479030136045e-34,-6.47143802486777e-33
1.5210000000000001,2.885094908927659e-33,-5.825275362210916e-33
1.522,-6.115413199831833e-33,-2.17225755670713e-33
1.5230000000000001,-3.9659201628938856e-33,-5.123309725562328e-33
1.524,-4.610604488940446e-33,4.536459161482102e-33
1.5250000000000001,-6.320137496310142e-33,1.3243007804880842e-33
1.526,2.0590636308614175e-33,6.108961111049138e-33
1.5270000000000001,-1.565105584626249e-33,6.242699218506953e-33
1.528,6.373359845640704e-33,8.144284286301441e-34
1.5290000000000001,4.9149774128794025e-33,4.121726031944777e-33
1.53,3.505647292571995e-33,-5.359024328160964e-33
1.5310000000000001,5.8355228388803e-33,-2.6113042292221547e-33
1.532,-3.277685127667785e-33,-5.476586784832661e-33
1.5330000000000001,2.0026766650140124e-34,-6.368716834818325e-33
1.534,-6.337131934794337e-33,5.534526832857189e-34
1.5350000000000001,-5.6223208519708265e-33,-2.953032112600959e-33
1.536,-2.263569357249807e-33,5.9222404287423055e-33
1.537,-5.0958311857538334e-33,3.75438631439665e-33
1.538,-6.30595772727296e-33,4.0557181568282635e-34
1.539,1.146627888649084e-33,6.203382850327601e-33
1.54,-2.382568135166788e-33,5.829892667718232e-33
1.541,6.060654824681995e-33,1.673543659296161e-33
1.542,4.1889033915201825e-33,4.674806814802912e-33
1.543,4.139662478636028e-33,-4.704551819694843e-33
1.544,6.015162310083768e-33,-1.7195216939640375e-33
1.545,-2.4148472529748826e-33,-5.7599652174591555e-33
1.546,1.077978567685461e-33,-6.141403446141349e-33
1.547,-6.215425222391661e-33,-3.4348637897266056e-34
1.548,-5.03630350479851e-33,-3.64090519686794e-33
1.549,-3.01467075244489e-33,5.422525525460586e-33
1.55,-5.457304382521493e-33,2.929463869185092e-33
1.551,3.548427606327908e-33,5.064081786238272e-33
1.552,2.496706437641642e-34,6.168199523618832e-33
1.553,6.085227292567114e-33,-9.758129963015412e-34
1.554,5.638499948778131e-33,2.4623411564746363e-33
1.555,1.775223480058802e-33,-5.880341086775929e-33
1.556,4.662974057316217e-33,-3.982580309325679e-33
1.557,-4.498620885216043e-33,-4.152293849744795e-33
1.558,-1.5397067045830347e-33,-5.914703279683517e-33
1.559,-5.6816089773105926e-33,2.224730015190472e-33
1.56,-5.973035165484335e-33,-1.1954335532975502e-33
1.561,-4.373167091646237e-33,-4.2258890905382345e-33
1.562,-3.6728810442980626e-33,4.8342117578299136e-33
1.563,-5.6929533972712746e-33,2.0802113166358797e-33
1.564,2.7343641849480962e-33,5.3979623209996825e-33
1.565,-6.14303683126805e-34,6.009619766684592e-33
1.566,6.0300361930100256e-33,-1.0060707538196204e-34
1.567,5.120084186497307e-33,3.167832041143397e-33
1.568,2.5358078600345436e-33,-5.4497217215768936e-33
1.569,5.069681162123652e-33,-3.210590152984105e-33
1.57,-3.781347429616969e-33,-4.6466262825301145e-33
1.571,-6.70504317191617e-34,-5.943123329161271e-33
1.572,-5.812413266861506e-33,1.3664212967727445e-33
1.573,-5.619987395094546e-33,-1.987047344562366e-33
1.574,-1.3062374205120314e-33,5.8058689620507534e-33
1.575,-4.2288126612407924e-33,4.172968093030084e-33
1.576,4.6360941443022536e-33,3.6994176736969525e-33
1.577,1.899460361430612e-33,5.6083903273072196e-33
1.578,5.335474700527359e-33,-2.545196007175603e-33
1.579,5.855094564169315e-33,7.3952024177230914e-34
1.58,4.1769066209880185e-35,-5.891635971986689e-33
1.581,3.2127945938481634e-33,-4.927022652542146e-33
1.582,-5.263643409642422e-33,-2.6031761436413728e-33
1.583,-3.017930486509528e-33,-5.02591418091795e-33
1.584,-4.6259870709975465e-33,3.585190797553708e-33
1.585,-5.8199856053047745e-33,5.16845473632014e-34
1.586,1.1995555936596004e-33,5.7084866337365855e-33
1.587,-2.0711771529578765e-33,5.4426783953702905e-33
1.588,5.6400312309350935e-33,1.410573315760982e-33
1.589,3.977373697510698e-33,4.227019025073673e-33
1.59,3.7207343186786113e-33,-4.4419842191513156e-33
1.591,5.52160354042741e-33,-1.724891700366765e-33
1.592,-2.3618939443952832e-33,-5.2700526760914385e-33
1.593,8.582259933897572e-34,-5.70126811450013e-33
1.594,-5.753159683206857e-33,-1.776083594939584e-34
1.595,-4.737422919528115e-33,-3.252224526052761e-33
1.596,-2.664651036596933e-33,5.0803436150294045e-33
1.597,-4.978694791645466e-33,2.8307836975617383e-33
1.598,3.394091592057242e-33,4.6012744610141376e-33
1.599,3.6963238609601327e-34,5.696153594337342e-33
1.6,5.6031106546281236e-33,-1.0389977693830283e-33
1.601,5.2675540117458076e-33,2.149226008218692e-33
1.602,1.50862304609341e-33,-5.475641164283385e-33
1.603,4.220725205069743e-33,-3.786385978968543e-33
1.604,-4.251909663175812e-33,-3.73704587531457e-33
1.605,-1.5564126819831427e-33,-5.432788500252364e-33
1.606,-5.201900955975768e-33,2.18438922793217e-33
1.607,-5.548275301705842e-33,-9.705891215722608e-34
1.608,-3.0706160314975252e-34,5.6147608991518134e-33
1.609,-3.2863313540523974e-33,4.551332668814559e-33
1.61,4.89989434413882e-33,2.7204346082518396e-33
1.611,2.6491012907281935e-33,4.9282315896195556e-33
1.612,4.572700964967673e-33,-3.208026368085889e-33
1.613,5.571793182190387e-33,-2.2873073807028112e-34
1.614,-8.846342591745064e-34,-5.4964656362209914e-33
1.615,2.2213865658310978e-33,-5.094704467359238e-33
1.616,-5.312810950507404e-33,-1.6005669431703084e-33
1.617,-3.6000019232246695e-33,-4.210143207267207e-33
1.618,-3.748562866961061e-33,4.0658925208606826e-33
1.619,-5.342133956899277e-33,1.3939282782246096e-33
1.62,2.0126099404338023e-33,5.131217873797711e-33
1.621,-1.076777016879218e-33,5.3962439562049024e-33
1.622,5.476586106226405e-33,4.3027964255253916e-34
1.623,4.36879360357693e-33,3.3153208114351025e-33
1.624,2.770725883925853e-33,-4.722361230390787e-33
1.625,4.874727175547581e-33,-2.4728310584925455e-33
1.6260000000000001,-3.026967292876059e-33,-4.540473590932063e-33
1.627,-9.40054957243932e-35,-5.4470632640771314e-33
1.6280000000000001,-5.3887250398043934e-33,7.363499617430942e-34
1.629,-4.9242134058094534e-33,-2.2878490799876994e-33
1.6300000000000001,-1.686583735060068e-33,5.1516459720076463e-33
1.631,-4.195480019648788e-33,3.418213663295623e-33
1.6320000000000001,3.883949433466535e-33,3.755491415429764e-33
1.633,1.2373412958093575e-33,5.249822048481432e-33
1.6340000000000001,5.058195464170235e-33,-1.846481237388954e-33
1.635,5.24529503784701e-33,1.176956131547885e-33
1.6360000000000001,5.4741320413238605e-34,-5.3387748690583545e-33
1.637,3.339394798543313e-33,-4.189841676174196e-33
1.6380000000000001,-4.547803753652878e-33,-2.8157207679614394e-33
1.639,-2.301917307077642e-33,-4.8183782092389046e-33
1.6400000000000001,-4.5047938692432485e-33,2.850882376168213e-33
1.641,-5.3221158909933375e-33,-3.467891301075062e-35
1.6420000000000001,5.940284340988371e-34,5.280055605357485e-33
1.643,-2.3488013068433298e-33,4.756158100479802e-33
1.6440000000000001,4.992245001258742e-33,1.7668504256175637e-33
1.645,3.241008709182317e-33,4.17693761656869e-33
1.6460000000000001,3.7580332182441715e-33,-3.7060918673484444e-33
1.647,5.156028405147014e-33,-1.0865525803060245e-33
1.6480000000000001,-1.6859255617192725e-33,-4.9830195417421406e-33
1.649,1.2712918418464097e-33,-5.0955428180564795e-33
1.6500000000000001,-5.201459994809428e-33,-6.586127374144022e-34
1.651,-4.014507311383265e-33,-3.358751338394855e-33
1.6520000000000001,-2.855611973668707e-33,4.376275456333978e-33
1.653,-4.759375467303867e-33,2.1363010757703262e-33
1.6540000000000001,2.6797356944424036e-33,4.465857883801116e-33
1.655,-1.5745842694607262e-34,5.197096416957332e-33
1.6560000000000001,5.170617477263051e-33,-4.575520789476505e-34
1.657,4.5906096612229616e-33,2.404428414889752e-33
1.6580000000000001,1.8415421812318913e-33,-4.83470039511941e-33
1.659,4.154712968412362e-33,-3.0683701721930024e-33
1.6600000000000001,-3.5323263374740906e-33,-3.7563855317287196e-33
1.661,-9.41461213031846e-34,-5.0609222554287546e-33
1.6620000000000001,-4.9058697833767465e-33,1.53086285152706e-33
1.663,-4.947095060920937e-33,-1.3599483178691384e-33
1.6640000000000001,-7.640282645612431e-34,5.064767697319816e-33
1.665,-3.373584538816594e-33,3.842815625446879e-33
1.666,-4.906797000924048e-33,1.4087696246330092e-33
1.667,1.975920349787491e-33,4.697903904599209e-33
1.668,-8.738882531360795e-34,5.012428943644572e-33
1.669,5.0721436467960014e-33,2.7446918755924213e-34
1.67,4.1130600402336665e-33,2.9662852555939402e-33
1.671,2.454912902221742e-33,-4.4276332383031886e-33
1.672,4.450449269688152e-33,-2.3955671292251107e-33
1.673,-2.9002769838063958e-33,-4.1289980562399606e-33
1.674,-2.095060953274638e-34,-5.033052014187157e-33
1.675,-4.964666534683788e-33,8.019647008857201e-34
1.676,-4.603352608786512e-33,-2.0040066751107624e-33
1.677,-1.4430884005759936e-33,4.80005320307713e-33
1.678,-3.8012855131632826e-33,3.254172608524201e-33
1.679,3.674786640888414e-33,3.384084560548539e-33
1.68,1.2619455463499252e-33,4.824990170712809e-33
1.681,4.63414271918252e-33,-1.8207102667471214e-33
1.682,4.8751494120553823e-33,9.69889778649925e-34
1.683,3.858473821808402e-34,-4.947389984291713e-33
1.684,2.9925668859584547e-33,-3.94818196084128e-33
1.685,-4.2672882234999254e-33,-2.5004345204700095e-33
1.686,-2.2363091389726283e-33,-4.402208425170108e-33
1.687,-4.099979891170443e-33,2.7367041090866494e-33
1.688,-4.9204494783607546e-33,8.774005930414293e-35
1.689,6.67959159232555e-34,4.867417995410857e-33
1.69,-2.0641326173387382e-33,4.4493772723019e-33
1.691,4.6545125322536996e-33,1.5208734858789312e-33
1.692,3.089950138742145e-33,3.788133990522712e-33
1.693,3.390437591080742e-33,-3.5104354970537475e-33
1.694,4.7416831367958373e-33,-1.1204479297673202e-33
1.695,-1.6706033168121135e-33,-4.568265420545344e-33
1.696,1.0604628287797701e-33,-4.738844556831039e-33
1.697,-4.8229615805130795e-33,-4.9172909428067324e-34
1.698,-3.7865417057086076e-33,-3.014406363848006e-33
1.699,-2.5411702051794495e-33,4.10962844828422e-33
1.7,-4.3513952348606145e-33,2.081888347306292e-33
1.701,2.5776227546672584e-33,4.0678405382691266e-33
1.702,-2.856922035565599e-35,4.807647379181423e-33
1.703,4.769327319239696e-33,-5.393394879574686e-34
1.704,4.297599373825066e-33,2.119279687263083e-33
1.705,1.5934634155798012e-33,-4.510562364338593e-33
1.706,3.77147587984938e-33,-2.9298658989693748e-33
1.707,-3.349772656346791e-33,-3.392825823989984e-33
1.708,-9.841872966577998e-34,-4.6570346026064634e-33
1.709,1.6849979244109364e-33,-4.4431949837172046e-33
1.71,-4.603617688508837e-33,-1.14575673374442e-33
1.711,-3.24951592971851e-33,-3.4455486139586985e-33
1.712,-3.031982553724435e-33,3.628166861055836e-33
1.713,-4.504045226394316e-33,1.4126896090024389e-33
1.714,1.932251592055913e-33,4.298182063629991e-33
1.715,-6.949808761980297e-34,4.653070334580663e-33
1.716,4.6947770897894496e-33,1.3954446601550267e-34
1.717,3.8688079865392926e-33,2.6493993817283357e-33
1.718,2.169615116382405e-33,-4.148083244984823e-33
1.719,4.059993500627974e-33,-2.31459557213056e-33
1.72,-2.7739047351831778e-33,-3.7514891192425433e-33
1.721,-3.069537205121041e-34,-4.647747581188498e-33
1.722,-4.571197489717796e-33,8.53072571775363e-34
1.723,-4.3003655497298656e-33,-1.7488501483451718e-33
1.724,-1.225919737560481e-33,4.469566238725709e-33
1.725,-3.440591585822092e-33,3.093662979913591e-33
1.726,3.473080215714135e-33,3.0454707860885806e-33
1.727,1.2751266459632795e-33,4.431729347605207e-33
1.728,4.242736018963443e-33,-1.787342949200728e-33
1.729,4.528332505768696e-33,7.868130257987063e-34
1.73,2.453085865070385e-34,-4.581964067345987e-33
1.731,2.6774049268851376e-33,-3.7169892132135056e-33
1.732,4.2540723965723324e-33,-1.67855357268077e-33
1.733,-2.1662944667600966e-33,-4.018985297110293e-33
1.734,3.4777476755855393e-34,-4.544750745835632e-33
1.735,-4.546400665351675e-33,1.9186077721129634e-34
1.736,-3.922903525870263e-33,-2.2909584249137992e-33
1.737,-1.8078953588364466e-33,4.159386885980594e-33
1.738,-3.762210198637353e-33,2.51918839695008e-33
1.739,2.9415626312595368e-33,3.4321310713122484e-33
1.74,6.200512785605091e-34,4.469883274583515e-33
1.741,4.357906812854339e-33,-1.142453600595121e-33
1.742,4.27726063911656e-33,1.390701587020648e-33
1.743,8.736052505045706e-34,-4.404373459686522e-33
1.744,3.109450630582876e-33,-3.228918507502895e-33
1.745,-3.568063437464609e-33,-2.7012313447572937e-33
1.746,-1.5405903542160529e-33,-4.193764523935854e-33
1.747,-3.975490381560368e-33,2.0224068799034138e-33
1.748,-4.430603751127486e-33,-4.45195074317578e-34
1.749,8.180747002866286e-35,4.444746449437436e-33
1.75,-2.3285859050999952e-33,3.778145833061121e-33
1.7510000000000001,4.020327424197271e-33,1.862288726091788e-33
1.752,2.3730273015694052e-33,3.732903037981719e-33
1.7530000000000001,3.420335981157539e-33,-2.793208657994189e-33
1.754,4.3799582535367526e-33,-5.017811966238179e-34
1.7550000000000001,-1.0145913331115246e-33,-4.282726338845502e-33
1.756,1.4575691779933613e-33,-4.1451380661902254e-33
1.7570000000000001,-4.2812920560551524e-33,-9.554932630644017e-34
1.758,-3.081351072422839e-33,-3.1118595673701456e-33
1.7590000000000001,-2.721043353514997e-33,3.4220601855997225e-33
1.76,-4.131660442900506e-33,1.4072475480547121e-33
1.7610000000000001,1.8828875491969572e-33,3.9296692816245884e-33
1.762,-5.376909706098701e-34,4.3168585902334654e-33
1.7630000000000001,4.3429091348140294e-33,2.331668629133908e-35
1.764,3.6358928992799325e-33,2.3619736600103278e-33
1.7650000000000001,1.912183387867789e-33,-3.883250395637702e-33
1.766,3.70088576658004e-33,-2.2309580596846642e-33
1.7670000000000001,-2.6485910572557248e-33,-3.405371139264254e-33
1.768,-3.883596663332053e-34,-4.2893855752591626e-33
1.7690000000000001,-4.206331333581784e-33,8.914590973254619e-34
1.77,-4.014546351317277e-33,-1.5198080112811479e-33
1.7710000000000001,-1.0326119044904711e-33,4.1591816957955495e-33
1.772,-3.110785505949125e-33,2.937171810168808e-33
1.7730000000000001,3.279004469758557e-33,2.7370025125834446e-33
1.774,1.2784590283791782e-33,4.06790936971671e-33
1.7750000000000001,3.881677727283508e-33,-1.747688540932233e-33
1.776,4.20362023812959e-33,6.253867197476831e-34
1.7770000000000001,1.2362248253602762e-34,-4.241007458421485e-33
1.778,2.3912788065442833e-33,-3.496184719220528e-33
1.7790000000000001,-3.7482139996617514e-33,-1.9577303761424116e-33
1.78,-2.0929481040622162e-33,-3.666316656408516e-33
1.7810000000000001,-3.387397290389041e-33,2.5076962321405056e-33
1.782,-4.198292947480512e-33,2.796885658923639e-34
1.7830000000000001,7.729747014188626e-34,4.128859982963186e-33
1.784,-1.577561667812443e-33,3.88555725332228e-33
1.7850000000000001,4.0381304686761434e-33,1.1050950376412721e-33
1.786,2.7963825246895097e-33,3.106388416203079e-33
1.7870000000000001,2.749267191538654e-33,-3.138916966622294e-33
1.788,4.002655502482393e-33,-1.1541567476347304e-33
1.7890000000000001,-1.616759423813225e-33,-3.831666700792416e-33
1.79,7.084061225349479e-34,-4.0909883341424413e-33
1.7910000000000001,-4.139154813212285e-33,-2.1922088099997924e-34
1.792,-3.359056705599968e-33,-2.4166557233586322e-33
1.793,-1.5184925391236526e-33,-3.8419635579633326e-33
1.794,-3.6293495292264046e-33,1.9589619522093592e-33
1.795,-4.105591972252583e-33,-3.1180098337627766e-34
1.796,1.7566909799551957e-34,4.106802818767801e-33
1.797,-2.0674601450378878e-33,3.544865165622396e-33
1.798,3.758237522031246e-33,1.6309720438113085e-33
1.799,2.277608758768382e-33,3.397213932229111e-33
1.8,3.098824576329775e-33,-2.658981263048738e-33
1.801,4.037460490474039e-33,-5.624269795201128e-34
1.802,-1.0342708979117163e-33,-3.936038093636758e-33
1.803,1.254047132306373e-33,-3.864500333007576e-33
1.804,-3.979057317219455e-33,-7.868724041587043e-34
1.805,-2.9183914045410226e-33,-2.8071886301463466e-33
1.806,-2.4382560083743806e-33,3.2245398596852255e-33
1.807,-3.787557095853659e-33,1.3938349166050838e-33
1.808,1.828961377756143e-33,3.5901337927432785e-33
1.809,-3.998628518254592e-34,4.002529986471007e-33
1.81,4.015032485583636e-33,-7.62019277203234e-35
1.811,3.4141206260968495e-33,2.1015251906521663e-33
1.812,1.6801792737993996e-33,-3.632649054299671e-33
1.813,3.3708156048116676e-33,-2.145561805243026e-33
1.814,-2.5249624888356704e-33,-3.088246571761163e-33
1.815,-4.555434229983358e-34,-3.9562897532935854e-33
1.816,-3.8681915245097e-33,9.18730066877808e-34
1.817,-3.745184630984091e-33,-1.3145191146974728e-33
1.818,-8.6090810686161e-34,3.867916560668679e-33
1.819,-2.809441148321366e-33,2.785090493097172e-33
1.82,3.092660938826684e-33,2.4562284412354164e-33
1.821,1.2733501226871787e-33,3.731525670221725e-33
1.822,3.548814479921958e-33,-1.7029055769973928e-33
1.823,3.8998284381611e-33,4.834761421038031e-34
1.824,1.8812685283655263e-35,-3.9230942000480556e-33
1.825,2.1317590655961973e-33,-3.285636515174112e-33
1.826,-3.508849048187033e-33,-1.7253216590182574e-33
1.827,-2.0172097435686738e-33,-3.3419670318788116e-33
1.828,-3.0748032981351598e-33,2.39431725155298e-33
1.829,-3.874531455654289e-33,3.5303937534025013e-34
1.83,8.074613883397412e-34,3.799245381752295e-33
1.831,-1.3708090061536916e-33,3.6272494015939105e-33
1.832,3.757650506246147e-33,9.306349882482918e-34
1.833,2.6548484168989685e-33,2.808545612756809e-33
1.834,2.470718950533757e-33,-2.9634426209532974e-33
1.835,3.6740041069107967e-33,-1.1569785012109425e-33
1.836,-1.580751330635085e-33,-3.505532291231544e-33
1.837,5.627530506609573e-34,-3.797582218795289e-33
1.838,-3.831095278254926e-33,-1.09474760194035e-34
1.839,-3.159449042679092e-33,-2.1583036776309848e-33
1.84,-1.7665356011023785e-33,3.386890155195148e-33
1.841,-3.310811202200636e-33,1.89252323676911e-33
1.842,2.2670333519825445e-33,3.058639968131558e-33
1.843,2.548262663013687e-34,3.792301010674068e-33
1.844,3.72932453547978e-33,-7.003906875162106e-34
1.845,3.5107595411561146e-33,1.423046470524577e-33
1.846,9.961739250788895e-34,-3.648338797475256e-33
1.847,2.8046465281868133e-33,-2.5276668883859185e-33
1.848,-2.8369036659896504e-33,-2.4818705856196135e-33
1.849,-1.0446586574538484e-33,-3.615122699709741e-33
1.85,-3.460423639670231e-33,1.4624531607645825e-33
1.851,-3.6958813997516994e-33,-6.378053589130231e-34
1.852,-1.9588447388479495e-34,3.7391382090002074e-33
1.853,-2.181298463353316e-33,3.0355902779788637e-33
1.854,3.266820630493595e-33,1.8039555408355358e-33
1.855,1.7714703121202216e-33,3.277487086041051e-33
1.856,3.0398981219884825e-33,-2.1430955035329064e-33
1.857,3.7097090810588715e-33,-1.6081491270424149e-34
1.858,-5.974426211055858e-34,-3.658549218964225e-33
1.859,1.4713596524099698e-33,-3.3957754203359794e-33
1.86,-3.540056412088652e-33,-1.0576448224039004e-33
1.861,-2.4035442243763485e-33,-2.79788506647993e-33
1.862,-2.4898234928177584e-33,2.713059074160277e-33
1.863,-3.555007275755255e-33,9.363276039488736e-34
1.864,1.3479634831514328e-33,3.413620698382827e-33
1.865,-7.087443309980568e-34,3.594811354449341e-33
1.866,3.6473207627854644e-33,2.7814204514741153e-34
1.867,2.9140883040025963e-33,2.200880349722152e-33
1.868,1.8377139018249924e-33,-3.148684481061208e-33
1.869,3.2421296677399725e-33,-1.6540165159831433e-33
1.87,-2.0224854895767904e-33,-3.018715641520164e-33
1.871,-7.091564305677115e-35,-3.626861675740331e-33
1.872,-3.5870351097198556e-33,4.9854081223395e-34
1.873,-3.282353025049971e-33,-1.5158751075245043e-33
1.874,-1.1151665278952783e-33,3.432873793489068e-33
1.875,-2.7883990655733895e-33,2.2824755027136358e-33
1.8760000000000001,2.5919202411515903e-33,2.4947148958751074e-33
1.877,8.319209013814768e-34,3.493779262793827e-33
1.8780000000000001,3.3652514507030535e-33,-1.2372327548483662e-33
1.879,3.494452880007027e-33,7.756806167540726e-34
1.8800000000000001,2.5173126089027127e-33,2.5364108653776193e-33
1.881,2.2171837200595776e-33,-2.79496736856022e-33
1.8820000000000001,3.370141110695419e-33,-1.1521891963628873e-33
1.883,-1.5401250642671069e-33,-3.2048699811305844e-33
1.8840000000000001,4.347182922269059e-34,-3.523084309966545e-33
1.885,-3.543860247151817e-33,-1.496158298206506e-35
1.8860000000000001,-2.969119983220596e-33,-1.923980671312033e-33
1.887,-1.556717737959406e-33,3.170544095699184e-33
1.8880000000000001,-3.0178555444224544e-33,1.8239384284554403e-33
1.889,2.1644527152811942e-33,2.7763230320698475e-33
1.8900000000000001,3.2091855161962234e-34,3.499799390506883e-33
1.891,3.431555758145731e-33,-7.313727946362017e-34
1.8920000000000001,3.277315074769308e-33,1.2364143178432777e-33
1.893,8.38724159786602e-34,-3.394882318315898e-33
1.8940000000000001,2.535669377037376e-33,-2.3996605099302224e-33
1.895,-2.6782480329189343e-33,-2.2303403843591537e-33
1.8960000000000001,-1.0470373646912802e-33,-3.3182404204381316e-33
1.897,-3.165835147623989e-33,1.4297569885581444e-33
1.8980000000000001,-3.430763257298893e-33,-5.0638451078535715e-34
1.899,-9.690706018365438e-35,3.4608017890083455e-33
1.9000000000000001,-1.9480246035893865e-33,2.855144747565292e-33
1.901,3.0603962646565123e-33,1.594010732188483e-33
1.9020000000000001,1.7112891672143662e-33,2.9897761323397093e-33
1.903,-1.7491096880230219e-34,3.434703243557304e-33
1.9040000000000001,3.4255690071098786e-33,-2.3215705614420853e-34
1.905,3.0030293193564602e-33,1.6525754184661303e-33
1.9060000000000001,1.2836623621517089e-33,-3.1721132985369584e-33
1.907,2.789308652719695e-33,-1.972531475794972e-33
1.9080000000000001,-2.284771540827663e-33,-2.5322131057650566e-33
1.909,-5.536609337236685e-34,-3.359618140298091e-33
1.9100000000000001,-3.265109242612311e-33,9.455449227510788e-34
1.911,-3.252999280045893e-33,-9.667143989156267e-34
1.9120000000000001,-5.742342366310099e-34,3.338932692662964e-33
1.913,-2.2832950299353866e-33,2.4953122582924927e-33
1.9140000000000001,2.743271265495792e-33,1.9688606631557832e-33
1.915,1.2426945819935777e-33,3.1336426883502885e-33
1.9160000000000001,2.9597361585280877e-33,-1.6019211080677302e-33
1.917,3.350478121384707e-33,2.505885303901648e-34
1.9180000000000001,-1.4719094707886514e-34,-3.351009906771745e-33
1.919,1.6837411789724438e-33,-2.894565172808886e-33
1.92,-3.0682696696664214e-33,-1.3273647024468631e-33
1.921,-1.8617214258441774e-33,-2.7700139445834653e-33
1.922,-2.5261695772820842e-33,2.1726442542645077e-33
1.923,-3.2940641690462626e-33,4.62722661919383e-34
1.924,8.476550372334383e-34,3.2108612733363696e-33
1.925,-1.0196923802787145e-33,3.154627922683531e-33
1.926,3.2476697941129583e-33,6.383679338187006e-34
1.927,2.3840514258786266e-33,2.287950187341704e-33
1.928,7.688110631784692e-34,3.207960828385238e-33
1.929,3.089363387072205e-33,-1.1409223323316182e-33
1.93,3.2107340361317746e-33,7.0778820509599004e-34
1.931,3.225439792943662e-34,-3.266461383893656e-33
1.932,2.032762543775116e-33,-2.570180565198218e-33
1.933,-2.787908773806057e-33,-1.7116608258554085e-33
1.934,-1.4189174024717083e-33,-2.9416452622937982e-33
1.935,-2.7485963560791242e-33,1.753945655904637e-33
1.936,-3.25509575759041e-33,-8.992956378391444e-36
1.937,3.754290992885661e-34,3.2279284313655976e-33
1.938,-1.4256137294099333e-33,2.9142668892956773e-33
1.939,3.0573222366425394e-33,1.069149539563806e-33
1.94,1.991795077001253e-33,2.5471833298645848e-33
1.941,2.2899130246296225e-33,-2.2752792363882963e-33
1.942,3.1509425888439726e-33,-6.763730992878363e-34
1.943,-1.0425536134477333e-33,-3.0437542005977297e-33
1.944,7.658278551132084e-34,-3.119361839388298e-33
1.945,-3.18273460154735e-33,-3.908690258750201e-34
1.946,-2.4629901680615913e-33,-2.0450035141429978e-33
1.947,-1.736452100035535e-33,2.6830933113533164e-33
1.948,-2.9059392399536216e-33,1.3174907631555039e-33
1.949,1.649182645187342e-33,2.7251758949522086e-33
1.95,-8.437211738195096e-35,3.178915446732723e-33
1.951,3.161309141804268e-33,-2.917086907094294e-34
1.952,2.813144840571292e-33,1.4600153846909112e-33
1.953,1.1151927968640845e-33,-2.9611391096409086e-33
1.954,2.5339869787571564e-33,-1.8861580050760274e-33
1.955,-2.1690001271831213e-33,-2.2893041691856795e-33
1.956,-5.874166315459726e-34,-3.0931085398485765e-33
1.957,-2.996925203415896e-33,9.475398717757483e-34
1.958,-3.0287744179885453e-33,-8.203910803481445e-34
1.959,-4.55655134251295e-34,3.0993753113400356e-33
1.96,-2.054469639910238e-33,2.3580172570389575e-33
1.961,2.58014846569837e-33,1.758230765156194e-33
1.962,1.219260501713758e-33,2.8687112642365142e-33
1.963,2.6998692683074548e-33,-1.547408588391289e-33
1.964,3.102762690117856e-33,1.562229448173788e-34
1.965,-2.114892703881428e-34,-3.0943005610211984e-33
1.966,1.4912658994339903e-33,-2.7135840371998034e-33
1.967,-2.8661316188075605e-33,-1.1579278978713305e-33
1.968,-1.7832928651802534e-33,-2.5186455418805657e-33
1.969,-2.286241536087581e-33,2.0652156308799246e-33
1.97,-3.0345585682412624e-33,5.018793489906944e-34
1.971,8.558311308298045e-34,2.948982773461006e-33
1.972,-8.715772417958517e-34,2.9390341845673376e-33
1.973,3.0164571166532748e-33,5.169934343842492e-34
1.974,2.2552745144508994e-33,2.061277177784381e-33
1.975,1.7771105722522427e-33,-2.4791005361388897e-33
1.976,2.8300710819030617e-33,-1.1241873595337789e-33
1.977,-1.4485975256689558e-33,-2.6727899065928778e-33
1.978,2.2462842718556128e-34,-3.0267187787630312e-33
1.979,-3.0269930738859796e-33,1.346981679277234e-34
1.98,-2.6156212159195805e-33,-1.5194750737450014e-33
1.981,-1.1974593527969846e-33,2.7723491468902936e-33
1.982,-2.5012734530559946e-33,1.6831847751773166e-33
1.983,1.9639245061298697e-33,2.280840323954159e-33
1.984,4.196980754024566e-34,2.9753887826105563e-33
1.985,2.9000296453447316e-33,-7.673761102547364e-34
1.986,2.8501997877586014e-33,9.194848307719169e-34
1.987,5.749746385304205e-34,-2.934049786823237e-33
1.988,2.06553996563494e-33,-2.154771626936941e-33
1.989,-2.3799725666676456e-33,-1.7932032282111798e-33
1.99,-1.0322304457564216e-33,-2.7901249666532214e-33
1.991,-2.644047990042106e-33,1.3527214690015212e-33
1.992,-2.9508611792754912e-33,-2.8967150381882576e-34
1.993,6.126231010773847e-35,2.9594732682190962e-33
1.994,-1.544750998169855e-33,2.519289706309622e-33
1.995,2.6798374971698724e-33,1.2338903794172944e-33
1.996,1.5858165429138012e-33,2.481982129716201e-33
1.997,2.273213013929113e-33,-1.8651228654416816e-33
1.998,2.915691581380103e-33,-3.408088772365057e-34
1.999,-6.821223408617581e-34,-2.8501649651103775e-33
